{
	"info": {
		"_postman_id": "b74357b0-4e49-4a2a-b7e4-c7baf37fb4b1",
		"name": "Cliente",
		"schema": "https://schema.getpostman.com/json/collection/v2.1.0/collection.json",
		"_exporter_id": "47733935"
	},
	"item": [
		{
			"name": "Crear Cliente",
			"request": {
				"method": "POST",
				"header": [],
				"body": {
					"mode": "raw",
					"raw": "{\r\n  \"nombre\": \"Juan Pérez\",\r\n  \"correo\": \"juanperez@example.com\",\r\n  \"contrasenia\": \"segura123\",\r\n  \"idCedula\": 123456789,\r\n  \"imagen\": {\r\n    \"url\": \"https://cdn.misitio.com/foto1.jpg\"\r\n  }\r\n}",
					"options": {
						"raw": {
							"language": "json"
						}
					}
				},
				"url": {
					"raw": "{{baseUrl}}/clientes",
					"host": [
						"{{baseUrl}}"
					],
					"path": [
						"clientes"
					]
				}
			},
			"response": [
				{
					"name": "Crear Cliente",
					"originalRequest": {
						"method": "POST",
						"header": [],
						"body": {
							"mode": "raw",
							"raw": "{\r\n  \"nombre\": \"Juan Pérez\",\r\n  \"correo\": \"juanperez@example.com\",\r\n  \"contrasenia\": \"segura123\",\r\n  \"idCedula\": 123456789,\r\n  \"imagen\": {\r\n    \"url\": \"https://cdn.misitio.com/foto1.jpg\"\r\n  }\r\n}",
							"options": {
								"raw": {
									"language": "json"
								}
							}
						},
						"url": {
							"raw": "{{baseURL}}/clientes",
							"host": [
								"{{baseURL}}"
							],
							"path": [
								"clientes"
							]
						}
					},
					"status": "Created",
					"code": 201,
					"_postman_previewlanguage": "json",
					"header": [
						{
							"key": "Content-Type",
							"value": "application/json",
							"description": "",
							"type": "text"
						}
					],
					"cookie": [],
					"body": "{\r\n  \"id\": 1,\r\n  \"nombre\": \"Juan Pérez\",\r\n  \"correo\": \"juanperez@example.com\",\r\n  \"contrasenia\": \"segura123\",\r\n  \"idCedula\": 123456789,\r\n  \"imagen\": {\r\n    \"id\": 5,\r\n    \"url\": \"https://cdn.misitio.com/foto1.jpg\"\r\n  }\r\n}"
				}
			]
		},
		{
			"name": "Actualizar cliente",
			"request": {
				"method": "PUT",
				"header": [],
				"body": {
					"mode": "raw",
					"raw": "{\r\n  \"nombre\": \"Juan Pérez Actualizado\",\r\n  \"correo\": \"juanperez@example.com\",\r\n  \"contrasenia\": \"segura456\",\r\n  \"idCedula\": 123456789,\r\n  \"imagen\": {\r\n    \"url\": \"https://cdn.misitio.com/foto2.jpg\"\r\n  }\r\n}\r\n",
					"options": {
						"raw": {
							"language": "json"
						}
					}
				},
				"url": {
					"raw": "{{baseUrl}}/clientes/{{clientes_id_1}}",
					"host": [
						"{{baseUrl}}"
					],
					"path": [
						"clientes",
						"{{clientes_id_1}}"
					]
				}
			},
			"response": [
				{
					"name": "Actualizar cliente",
					"originalRequest": {
						"method": "PUT",
						"header": [],
						"body": {
							"mode": "raw",
							"raw": "{\r\n  \"nombre\": \"Juan Pérez Actualizado\",\r\n  \"correo\": \"juanperez@example.com\",\r\n  \"contrasenia\": \"segura456\",\r\n  \"idCedula\": 123456789,\r\n  \"imagen\": {\r\n    \"url\": \"https://cdn.misitio.com/foto2.jpg\"\r\n  }\r\n}",
							"options": {
								"raw": {
									"language": "json"
								}
							}
						},
						"url": {
							"raw": "{{baseUrl}}/clientes/{{clientes_id_1}}",
							"host": [
								"{{baseUrl}}"
							],
							"path": [
								"clientes",
								"{{clientes_id_1}}"
							]
						}
					},
					"status": "OK",
					"code": 200,
					"_postman_previewlanguage": "json",
					"header": [
						{
							"key": "Content-Type",
							"value": "application/json",
							"description": "",
							"type": "text"
						}
					],
					"cookie": [
						{
							"expires": "Invalid Date",
							"domain": "",
							"path": ""
						}
					],
					"body": "{\n    \"id\": 1,\n    \"nombre\": \"Juan Pérez Actualizado\",\n    \"correo\": \"juanperez@example.com\",\n    \"contrasenia\": \"segura456\",\n    \"idCedula\": 123456789,\n    \"imagen\": {\n        \"id\": 5,\n        \"url\": \"https://cdn.misitio.com/foto2.jpg\"\n    }\n}"
				}
			]
		},
		{
			"name": "Actualizar cliente que no existe",
			"request": {
				"method": "PUT",
				"header": [],
				"body": {
					"mode": "raw",
					"raw": "{\r\n  \"nombre\": \"Juan Pérez Actualizado\",\r\n  \"correo\": \"juanperez@example.com\",\r\n  \"contrasenia\": \"segura456\",\r\n  \"idCedula\": 123456789,\r\n  \"imagen\": {\r\n    \"url\": \"https://cdn.misitio.com/foto2.jpg\"\r\n  }\r\n}\r\n",
					"options": {
						"raw": {
							"language": "json"
						}
					}
				},
				"url": {
					"raw": "{{baseUrl}}/clientes/0",
					"host": [
						"{{baseUrl}}"
					],
					"path": [
						"clientes",
						"0"
					]
				}
			},
			"response": [
				{
					"name": "Actualizar cliente que no existe",
					"originalRequest": {
						"method": "PUT",
						"header": [],
						"body": {
							"mode": "raw",
							"raw": "",
							"options": {
								"raw": {
									"language": "json"
								}
							}
						},
						"url": {
							"raw": "{{baseUrl}}/clientes/0",
							"host": [
								"{{baseUrl}}"
							],
							"path": [
								"clientes",
								"0"
							]
						}
					},
					"status": "Not Found",
					"code": 404,
					"_postman_previewlanguage": "json",
					"header": [
						{
							"key": "Content-Type",
							"value": "application/json",
							"description": "",
							"type": "text"
						}
					],
					"cookie": [
						{
							"expires": "Invalid Date",
							"domain": "",
							"path": ""
						}
					],
					"body": "{\n    \"apierror\": {\n        \"status\": \"NOT_FOUND\",\n        \"timestamp\": \"2025-09-09T10:04:10\",\n        \"message\": \"The client with the given id was not found\"\n    }\n}"
				}
			]
		},
		{
			"name": "Borrar cliente",
			"request": {
				"method": "DELETE",
				"header": [],
				"body": {
					"mode": "raw",
					"raw": ""
				},
				"url": {
					"raw": "{{baseUrl}}/clientes/{{clientes_id_1}}",
					"host": [
						"{{baseUrl}}"
					],
					"path": [
						"clientes",
						"{{clientes_id_1}}"
					]
				}
			},
			"response": [
				{
					"name": "Borrar cliente",
					"originalRequest": {
						"method": "DELETE",
						"header": [],
						"body": {
							"mode": "raw",
							"raw": ""
						},
						"url": {
							"raw": "{{baseUrl}}/clientes/{{clientes_id_1}}",
							"host": [
								"{{baseUrl}}"
							],
							"path": [
								"clientes",
								"{{clientes_id_1}}"
							]
						}
					},
					"status": "No Content",
					"code": 204,
					"_postman_previewlanguage": "",
					"header": [],
					"cookie": [
						{
							"expires": "Invalid Date",
							"domain": "",
							"path": ""
						}
					],
					"body": ""
				}
			]
		},
		{
			"name": "Borrar cliente que no existe",
			"request": {
				"method": "DELETE",
				"header": [],
				"body": {
					"mode": "raw",
					"raw": "",
					"options": {
						"raw": {
							"language": "json"
						}
					}
				},
				"url": {
					"raw": "{{baseUrl}}/clientes/0",
					"host": [
						"{{baseUrl}}"
					],
					"path": [
						"clientes",
						"0"
					]
				}
			},
			"response": [
				{
					"name": "Borrar cliente que no existe",
					"originalRequest": {
						"method": "DELETE",
						"header": [
							{
								"key": "Content-Type",
								"value": "application/json",
								"type": "text"
							}
						],
						"url": {
							"raw": "{{baseUrl}}/clientes/0",
							"host": [
								"{{baseUrl}}"
							],
							"path": [
								"clientes",
								"0"
							]
						}
					},
					"status": "Not Found",
					"code": 404,
					"_postman_previewlanguage": "json",
					"header": [
						{
							"key": "Content-Type",
							"value": "application/json",
							"description": "",
							"type": "text"
						}
					],
					"cookie": [
						{
							"expires": "Invalid Date",
							"domain": "",
							"path": ""
						}
					],
					"body": "{\n    \"apierror\": {\n        \"status\": \"NOT_FOUND\",\n        \"timestamp\": \"2025-09-09T10:04:10\",\n        \"message\": \"The client with the given id was not found\"\n    }\n}"
				}
			]
		},
		{
			"name": "Obtener todos los clientes",
			"protocolProfileBehavior": {
				"disableBodyPruning": true
			},
			"request": {
				"method": "GET",
				"header": [],
				"body": {
					"mode": "raw",
					"raw": ""
				},
				"url": {
					"raw": "{{baseUrl}}/clientes",
					"host": [
						"{{baseUrl}}"
					],
					"path": [
						"clientes"
					]
				}
			},
			"response": [
				{
					"name": "Obtener todos los clientes",
					"originalRequest": {
						"method": "GET",
						"header": [
							{
								"key": "Content-Type",
								"value": "application/json",
								"type": "text"
							}
						]
					},
					"status": "OK",
					"code": 200,
					"_postman_previewlanguage": "json",
					"header": [
						{
							"key": "Content-Type",
							"value": "application/json",
							"description": "",
							"type": "text"
						}
					],
					"cookie": [],
					"body": "[\n    {\n        \"id\": 1,\n        \"nombre\": \"Juan Pérez\",\n        \"correo\": \"juanperez@example.com\",\n        \"contrasenia\": \"segura123\",\n        \"idCedula\": 123456789,\n        \"imagen\": {\n            \"id\": 5,\n            \"url\": \"https://cdn.misitio.com/foto1.jpg\"\n        }\n    }\n]"
				}
			]
		},
		{
			"name": "Obtener un cliente",
			"request": {
				"method": "GET",
				"header": [],
				"url": {
					"raw": "{{baseUrl}}/clientes/{{clientes_id_1}}",
					"host": [
						"{{baseUrl}}"
					],
					"path": [
						"clientes",
						"{{clientes_id_1}}"
					]
				}
			},
			"response": [
				{
					"name": "Obtener un cliente",
					"originalRequest": {
						"method": "GET",
						"header": [
							{
								"key": "Content-Type",
								"value": "application/json",
								"type": "text"
							}
						],
						"url": {
							"raw": "{{baseUrl}}/clientes/{{clientes_id_1}}",
							"host": [
								"{{baseUrl}}"
							],
							"path": [
								"clientes",
								"{{clientes_id_1}}"
							]
						}
					},
					"status": "OK",
					"code": 200,
					"_postman_previewlanguage": "json",
					"header": [
						{
							"key": "Content-Type",
							"value": "application/json",
							"description": "",
							"type": "text"
						}
					],
					"cookie": [],
					"body": "{\n    \"id\": 1,\n    \"nombre\": \"Juan Pérez\",\n    \"correo\": \"juanperez@example.com\",\n    \"contrasenia\": \"segura123\",\n    \"idCedula\": 123456789,\n    \"imagen\": {\n        \"id\": 5,\n        \"url\": \"https://cdn.misitio.com/foto1.jpg\"\n    }\n}"
				}
			]
		},
		{
			"name": "Obtener cliente que no existe",
			"protocolProfileBehavior": {
				"disableBodyPruning": true
			},
			"request": {
				"method": "GET",
				"header": [],
				"body": {
					"mode": "raw",
					"raw": ""
				},
				"url": {
					"raw": "{{baseUrl}}/clientes/0",
					"host": [
						"{{baseUrl}}"
					],
					"path": [
						"clientes",
						"0"
					]
				}
			},
			"response": [
				{
					"name": "Obtener cliente que no existe",
					"originalRequest": {
						"method": "GET",
						"header": [],
						"body": {
							"mode": "raw",
							"raw": "{\r\n  \"apierror\": {\r\n    \"status\": \"NOT_FOUND\",\r\n    \"timestamp\": \"2025-09-09T10:01:09\",\r\n    \"message\": \"The client with the given id was not found\"\r\n  }\r\n}\r\n"
						},
						"url": {
							"raw": "{{baseUrl}}/clientes/0",
							"host": [
								"{{baseUrl}}"
							],
							"path": [
								"clientes",
								"0"
							]
						}
					},
					"status": "Not Found",
					"code": 404,
					"_postman_previewlanguage": null,
					"header": null,
					"cookie": [],
					"body": null
				}
			]
		}
	]
}