{
	"info": {
		"_postman_id": "adc8918f-b412-479e-a75c-adca0f657723",
		"name": "ClienteImagen",
		"schema": "https://schema.getpostman.com/json/collection/v2.1.0/collection.json",
		"_exporter_id": "47733935"
	},
	"item": [
		{
			"name": "Asociar Imagen a Cliente",
			"request": {
				"method": "POST",
				"header": [],
				"url": {
					"raw": "{{baseUrl}}/clientes/{{idCliente}}/imagen/{{idImagen}}",
					"host": [
						"{{baseUrl}}"
					],
					"path": [
						"clientes",
						"{{idCliente}}",
						"imagen",
						"{{idImagen}}"
					]
				}
			},
			"response": [
				{
					"name": "Asociar Imagen a Cliente",
					"originalRequest": {
						"method": "POST",
						"header": [],
						"url": {
							"raw": "{{baseUrl}}/clientes/{{idCliente}}/imagen/{{idImagen}}",
							"host": [
								"{{baseUrl}}"
							],
							"path": [
								"clientes",
								"{{idCliente}}",
								"imagen",
								"{{idImagen}}"
							]
						}
					},
					"status": "Created",
					"code": 201,
					"_postman_previewlanguage": "json",
					"header": [
						{
							"key": "Content-Type",
							"value": "application/json",
							"description": "",
							"type": "text"
						}
					],
					"cookie": [],
					"body": "{\n    \"id\": 10,\n    \"url\": \"https://miproyecto.com/imagenes/perfil1.png\"\n}"
				}
			]
		},
		{
			"name": "Obtener imagen de un cliente",
			"request": {
				"method": "GET",
				"header": [],
				"url": {
					"raw": "{{baseUrl}}/clientes/{{idCliente}}/imagen",
					"host": [
						"{{baseUrl}}"
					],
					"path": [
						"clientes",
						"{{idCliente}}",
						"imagen"
					]
				}
			},
			"response": [
				{
					"name": "Obtener imagen de un cliente",
					"originalRequest": {
						"method": "GET",
						"header": []
					},
					"status": "OK",
					"code": 200,
					"_postman_previewlanguage": "json",
					"header": [
						{
							"key": "Content-Type",
							"value": "application/json",
							"description": "",
							"type": "text"
						}
					],
					"cookie": [],
					"body": "{\n    \"id\": 10,\n    \"url\": \"https://miproyecto.com/imagenes/perfil1.png\"\n}"
				}
			]
		},
		{
			"name": "Reemplazar imagen de un cliente",
			"request": {
				"method": "PUT",
				"header": [],
				"url": {
					"raw": "{{baseUrl}}/clientes/{{idCliente}}/imagen/{{idImagen}}",
					"host": [
						"{{baseUrl}}"
					],
					"path": [
						"clientes",
						"{{idCliente}}",
						"imagen",
						"{{idImagen}}"
					]
				}
			},
			"response": [
				{
					"name": "Reemplazar imagen de un cliente",
					"originalRequest": {
						"method": "PUT",
						"header": [],
						"url": {
							"raw": "{{baseUrl}}/clientes/{{idCliente}}/imagen/{{idImagen}}",
							"host": [
								"{{baseUrl}}"
							],
							"path": [
								"clientes",
								"{{idCliente}}",
								"imagen",
								"{{idImagen}}"
							]
						}
					},
					"status": "OK",
					"code": 200,
					"_postman_previewlanguage": "json",
					"header": [
						{
							"key": "Content-Type",
							"value": "application/json",
							"description": "",
							"type": "text"
						}
					],
					"cookie": [],
					"body": "{\n    \"id\": 15,\n    \"url\": \"https://miproyecto.com/imagenes/perfil2.png\"\n}"
				}
			]
		},
		{
			"name": "Eliminar imagen de un cliente",
			"request": {
				"method": "DELETE",
				"header": [],
				"url": {
					"raw": "{{baseUrl}}/clientes/{{idCliente}}/imagen",
					"host": [
						"{{baseUrl}}"
					],
					"path": [
						"clientes",
						"{{idCliente}}",
						"imagen"
					]
				}
			},
			"response": [
				{
					"name": "Eliminar imagen de un cliente",
					"originalRequest": {
						"method": "DELETE",
						"header": [],
						"url": {
							"raw": "{{baseUrl}}/clientes/{{idCliente}}/imagen",
							"host": [
								"{{baseUrl}}"
							],
							"path": [
								"clientes",
								"{{idCliente}}",
								"imagen"
							]
						}
					},
					"status": "No Content",
					"code": 204,
					"_postman_previewlanguage": null,
					"header": null,
					"cookie": [],
					"body": null
				}
			]
		},
		{
			"name": "Intentar asociar otra imagen sin eliminar la anterior",
			"request": {
				"method": "POST",
				"header": [],
				"url": {
					"raw": "{{baseUrl}}/clientes/{{idCliente}}/imagen/{{idImagen}}",
					"host": [
						"{{baseUrl}}"
					],
					"path": [
						"clientes",
						"{{idCliente}}",
						"imagen",
						"{{idImagen}}"
					]
				}
			},
			"response": [
				{
					"name": "Intentar asociar otra imagen sin eliminar la anterior",
					"originalRequest": {
						"method": "POST",
						"header": [],
						"url": {
							"raw": "{{baseUrl}}/clientes/{{idCliente}}/imagen/{{idImagen}}",
							"host": [
								"{{baseUrl}}"
							],
							"path": [
								"clientes",
								"{{idCliente}}",
								"imagen",
								"{{idImagen}}"
							]
						}
					},
					"_postman_previewlanguage": "json",
					"header": [
						{
							"key": "Content-Type",
							"value": "application/json",
							"description": "",
							"type": "text"
						}
					],
					"cookie": [],
					"body": "{\r\n  \"apierror\": {\r\n    \"status\": \"CONFLICT\",\r\n    \"timestamp\": \"2025-09-10T11:30:12\",\r\n    \"message\": \"El cliente ya tiene una imagen asociada. Elimina o reemplaza antes de agregar una nueva.\"\r\n  }\r\n}"
				}
			]
		},
		{
			"name": "Asociar imagen que no existe a cliente",
			"request": {
				"method": "POST",
				"header": [],
				"url": {
					"raw": "{{baseUrl}}/clientes/{{idCliente}}/imagen/0",
					"host": [
						"{{baseUrl}}"
					],
					"path": [
						"clientes",
						"{{idCliente}}",
						"imagen",
						"0"
					]
				}
			},
			"response": [
				{
					"name": "Asociar imagen que no existe a cliente",
					"originalRequest": {
						"method": "GET",
						"header": []
					},
					"status": "Not Found",
					"code": 404,
					"_postman_previewlanguage": "json",
					"header": [
						{
							"key": "Content-Type",
							"value": "application/json",
							"description": "",
							"type": "text"
						}
					],
					"cookie": [],
					"body": "{\n    \"apierror\": {\n        \"status\": \"NOT_FOUND\",\n        \"timestamp\": \"2025-09-10T11:30:12\",\n        \"message\": \"La imagen con el id dado no fue encontrada.\"\n    }\n}"
				}
			]
		},
		{
			"name": "Obtener imagen de un cliente que no tiene asociada",
			"request": {
				"method": "GET",
				"header": [],
				"url": {
					"raw": "{{baseUrl}}/clientes/{{idCliente}}/imagen",
					"host": [
						"{{baseUrl}}"
					],
					"path": [
						"clientes",
						"{{idCliente}}",
						"imagen"
					]
				}
			},
			"response": [
				{
					"name": "Obtener imagen de un cliente que no tiene asociada",
					"originalRequest": {
						"method": "GET",
						"header": [],
						"url": {
							"raw": "{{baseUrl}}/clientes/{{idCliente}}/imagen",
							"host": [
								"{{baseUrl}}"
							],
							"path": [
								"clientes",
								"{{idCliente}}",
								"imagen"
							]
						}
					},
					"status": "Not Found",
					"code": 404,
					"_postman_previewlanguage": "json",
					"header": [
						{
							"key": "Content-Type",
							"value": "application/json",
							"description": "",
							"type": "text"
						}
					],
					"cookie": [],
					"body": "{\n    \"apierror\": {\n        \"status\": \"NOT_FOUND\",\n        \"timestamp\": \"2025-09-10T11:35:20\",\n        \"message\": \"El cliente no tiene ninguna imagen asociada.\"\n    }\n}"
				}
			]
		},
		{
			"name": "Reemplazar la imagen con una que no existe",
			"request": {
				"method": "PUT",
				"header": [],
				"url": {
					"raw": "{{baseUrl}}/clientes/{{idCliente}}/imagen/0",
					"host": [
						"{{baseUrl}}"
					],
					"path": [
						"clientes",
						"{{idCliente}}",
						"imagen",
						"0"
					]
				}
			},
			"response": [
				{
					"name": "Reemplazar la imagen con una que no existe",
					"originalRequest": {
						"method": "PUT",
						"header": [],
						"url": {
							"raw": "{{baseUrl}}/clientes/{{idCliente}}/imagen/0",
							"host": [
								"{{baseUrl}}"
							],
							"path": [
								"clientes",
								"{{idCliente}}",
								"imagen",
								"0"
							]
						}
					},
					"status": "Not Found",
					"code": 404,
					"_postman_previewlanguage": "json",
					"header": [
						{
							"key": "Content-Type",
							"value": "application/json",
							"description": "",
							"type": "text"
						}
					],
					"cookie": [],
					"body": "{\n    \"apierror\": {\n        \"status\": \"NOT_FOUND\",\n        \"timestamp\": \"2025-09-10T11:36:50\",\n        \"message\": \"La imagen con el id dado no fue encontrada.\"\n    }\n}"
				}
			]
		},
		{
			"name": "Eliminar la imagen de un cliente que no tiene ninguna asociada",
			"request": {
				"method": "DELETE",
				"header": [],
				"url": {
					"raw": "{{baseUrl}}/clientes/{{idCliente}}/imagen",
					"host": [
						"{{baseUrl}}"
					],
					"path": [
						"clientes",
						"{{idCliente}}",
						"imagen"
					]
				}
			},
			"response": [
				{
					"name": "Eliminar la imagen de un cliente que no tiene ninguna asociada",
					"originalRequest": {
						"method": "DELETE",
						"header": [],
						"url": {
							"raw": "{{baseUrl}}/clientes/{{idCliente}}/imagen",
							"host": [
								"{{baseUrl}}"
							],
							"path": [
								"clientes",
								"{{idCliente}}",
								"imagen"
							]
						}
					},
					"status": "Not Found",
					"code": 404,
					"_postman_previewlanguage": "json",
					"header": [
						{
							"key": "Content-Type",
							"value": "application/json",
							"description": "",
							"type": "text"
						}
					],
					"cookie": [],
					"body": "{\r\n  \"apierror\": {\r\n    \"status\": \"NOT_FOUND\",\r\n    \"timestamp\": \"2025-09-10T11:38:10\",\r\n    \"message\": \"El cliente no tiene ninguna imagen asociada.\"\r\n  }\r\n}\r\n"
				}
			]
		}
	]
}