{
	"info": {
		"_postman_id": "112896d9-34ff-41af-972c-8f52db2e9972",
		"name": "Default Tests",
		"schema": "https://schema.getpostman.com/json/collection/v2.1.0/collection.json",
		"_exporter_id": "25917488"
	},
	"item": [
		{
			"name": "Test API Status",
			"event": [
				{
					"listen": "test",
					"script": {
						"exec": [
							"pm.test(\"Status code is 200\", function () {",
							"   pm.response.to.have.status(200);",
							"});"
						],
						"type": "text/javascript"
					}
				}
			],
			"request": {
				"method": "GET",
				"header": [],
				"url": {
					"raw": "{{baseUrl}}",
					"host": [
						"{{baseUrl}}"
					]
				}
			},
			"response": []
		}
	]
}
