{
	"info": {
		"_postman_id": "7b0c5683-6c81-46cc-a6c1-bc8f3c653217",
		"name": "Imagen",
		"schema": "https://schema.getpostman.com/json/collection/v2.1.0/collection.json",
		"_exporter_id": "47733935"
	},
	"item": [
		{
			"name": "Crear imagen",
			"request": {
				"method": "POST",
				"header": [],
				"body": {
					"mode": "raw",
					"raw": "{\r\n  \"url\": \"https://misimagenes.com/nevado.jpg\"\r\n}",
					"options": {
						"raw": {
							"language": "json"
						}
					}
				},
				"url": {
					"raw": "{{baseUrl}}/imagenes",
					"host": [
						"{{baseUrl}}"
					],
					"path": [
						"imagenes"
					]
				}
			},
			"response": [
				{
					"name": "Crear imagen",
					"originalRequest": {
						"method": "POST",
						"header": [
							{
								"key": "Content-Type",
								"value": "application/json",
								"type": "text"
							}
						],
						"body": {
							"mode": "raw",
							"raw": "{\r\n  \"url\": \"https://misimagenes.com/nevado.jpg\"\r\n}\r\n",
							"options": {
								"raw": {
									"language": "json"
								}
							}
						}
					},
					"status": "Created",
					"code": 201,
					"_postman_previewlanguage": null,
					"header": null,
					"cookie": [],
					"body": "{\r\n  \"id\": 1,\r\n  \"url\": \"https://misimagenes.com/nevado.jpg\",\r\n}"
				}
			]
		},
		{
			"name": "Obtener todas las imagenes",
			"request": {
				"method": "GET",
				"header": [],
				"url": {
					"raw": "{{baseUrl}}/imagenes",
					"host": [
						"{{baseUrl}}"
					],
					"path": [
						"imagenes"
					]
				}
			},
			"response": [
				{
					"name": "Obtener todas las imagenes",
					"originalRequest": {
						"method": "GET",
						"header": [
							{
								"key": "Content-Type",
								"value": "application/json",
								"type": "text"
							}
						],
						"url": {
							"raw": "{{baseUrl}}/imagenes",
							"host": [
								"{{baseUrl}}"
							],
							"path": [
								"imagenes"
							]
						}
					},
					"status": "OK",
					"code": 200,
					"_postman_previewlanguage": "json",
					"header": [
						{
							"key": "Content-Type",
							"value": "application/json",
							"description": "",
							"type": "text"
						}
					],
					"cookie": [],
					"body": "[\n    {\n        \"id\": 1,\n        \"url\": \"https://misimagenes.com/nevado.jpg\"\n    },\n    {\n        \"id\": 2,\n        \"url\": \"https://misimagenes.com/laguna.jpg\"\n    }\n]"
				}
			]
		},
		{
			"name": "Obtener imagen",
			"request": {
				"method": "GET",
				"header": [],
				"url": {
					"raw": "{{baseUrl}}/imagenes/{{imagen_id}}",
					"host": [
						"{{baseUrl}}"
					],
					"path": [
						"imagenes",
						"{{imagen_id}}"
					]
				}
			},
			"response": [
				{
					"name": "Obtener imagen",
					"originalRequest": {
						"method": "GET",
						"header": [
							{
								"key": "Content-Type",
								"value": "application/json",
								"type": "text"
							}
						],
						"url": {
							"raw": "{{baseUrl}}/imagenes/{{imagen_id}}",
							"host": [
								"{{baseUrl}}"
							],
							"path": [
								"imagenes",
								"{{imagen_id}}"
							]
						}
					},
					"status": "OK",
					"code": 200,
					"_postman_previewlanguage": "json",
					"header": [
						{
							"key": "Content-Type",
							"value": "application/json",
							"description": "",
							"type": "text"
						}
					],
					"cookie": [],
					"body": "{\n    \"id\": 1,\n    \"url\": \"https://misimagenes.com/nevado.jpg\"\n}"
				}
			]
		},
		{
			"name": "Obtener imagen que no existe",
			"request": {
				"method": "GET",
				"header": [],
				"url": {
					"raw": "{{baseUrl}}/imagenes/0",
					"host": [
						"{{baseUrl}}"
					],
					"path": [
						"imagenes",
						"0"
					]
				}
			},
			"response": [
				{
					"name": "Obtener imagen que no existe",
					"originalRequest": {
						"method": "GET",
						"header": [
							{
								"key": "Content-Type",
								"value": "application/json",
								"type": "text"
							}
						],
						"url": {
							"raw": "{{baseUrl}}/imagenes/0",
							"host": [
								"{{baseUrl}}"
							],
							"path": [
								"imagenes",
								"0"
							]
						}
					},
					"status": "Not Found",
					"code": 404,
					"_postman_previewlanguage": "json",
					"header": [
						{
							"key": "Content-Type",
							"value": "application/json",
							"description": "",
							"type": "text"
						}
					],
					"cookie": [],
					"body": "{\n    \"apierror\": {\n        \"status\": \"NOT_FOUND\",\n        \"timestamp\": \"21-02-2025 10:01:09\",\n        \"message\": \"The imagen with the given id was not found\"\n    }\n}"
				}
			]
		},
		{
			"name": "Actualizar imagen",
			"request": {
				"method": "PUT",
				"header": [],
				"body": {
					"mode": "raw",
					"raw": "{\r\n  \"url\": \"https://misimagenes.com/nevado-edited.jpg\",\r\n}\r\n",
					"options": {
						"raw": {
							"language": "json"
						}
					}
				},
				"url": {
					"raw": "{{baseUrl}}/imagenes/{{imagen_id}}",
					"host": [
						"{{baseUrl}}"
					],
					"path": [
						"imagenes",
						"{{imagen_id}}"
					]
				}
			},
			"response": [
				{
					"name": "Actualizar imagen",
					"originalRequest": {
						"method": "PUT",
						"header": [],
						"body": {
							"mode": "raw",
							"raw": "{\r\n  \"url\": \"https://misimagenes.com/nevado-edited.jpg\"\r\n}\r\n",
							"options": {
								"raw": {
									"language": "json"
								}
							}
						},
						"url": {
							"raw": "{{baseUrl}}/imagenes/{{imagen_id}}",
							"host": [
								"{{baseUrl}}"
							],
							"path": [
								"imagenes",
								"{{imagen_id}}"
							]
						}
					},
					"status": "OK",
					"code": 200,
					"_postman_previewlanguage": "json",
					"header": [
						{
							"key": "Content-Type",
							"value": "application/json",
							"description": "",
							"type": "text"
						}
					],
					"cookie": [],
					"body": "{\n    \"id\": 1,\n    \"url\": \"https://misimagenes.com/nevado-edited.jpg\"\n}"
				}
			]
		},
		{
			"name": "Actualizar imagen que no existe",
			"request": {
				"method": "PUT",
				"header": [],
				"body": {
					"mode": "raw",
					"raw": "{\r\n  \"url\": \"https://misimagenes.com/new.jpg\",\r\n}\r\n",
					"options": {
						"raw": {
							"language": "json"
						}
					}
				},
				"url": {
					"raw": "{{baseUrl}}/imagenes/0",
					"host": [
						"{{baseUrl}}"
					],
					"path": [
						"imagenes",
						"0"
					]
				}
			},
			"response": [
				{
					"name": "Actualizar imagen que no existe",
					"originalRequest": {
						"method": "PUT",
						"header": [],
						"body": {
							"mode": "raw",
							"raw": "",
							"options": {
								"raw": {
									"language": "json"
								}
							}
						},
						"url": {
							"raw": "{{baseUrl}}/imagenes/0",
							"host": [
								"{{baseUrl}}"
							],
							"path": [
								"imagenes",
								"0"
							]
						}
					},
					"status": "Not Found",
					"code": 404,
					"_postman_previewlanguage": "json",
					"header": [
						{
							"key": "Content-Type",
							"value": "application/json",
							"description": "",
							"type": "text"
						}
					],
					"cookie": [],
					"body": "{\n    \"apierror\": {\n        \"status\": \"NOT_FOUND\",\n        \"timestamp\": \"21-02-2025 10:04:10\",\n        \"message\": \"The imagen with the given id was not found\"\n    }\n}"
				}
			]
		},
		{
			"name": "Borrar imagen",
			"request": {
				"method": "DELETE",
				"header": [],
				"url": {
					"raw": "{{baseUrl}}/imagenes/{{imagen_id}}",
					"host": [
						"{{baseUrl}}"
					],
					"path": [
						"imagenes",
						"{{imagen_id}}"
					]
				}
			},
			"response": [
				{
					"name": "Borrar imagen",
					"originalRequest": {
						"method": "GET",
						"header": []
					},
					"status": "No Content",
					"code": 204,
					"_postman_previewlanguage": null,
					"header": null,
					"cookie": [],
					"body": null
				}
			]
		},
		{
			"name": "Borrar imagen que no existe",
			"request": {
				"method": "DELETE",
				"header": [],
				"url": {
					"raw": "{{baseUrl}}/imagenes/0",
					"host": [
						"{{baseUrl}}"
					],
					"path": [
						"imagenes",
						"0"
					]
				}
			},
			"response": [
				{
					"name": "Borrar imagen que no existe",
					"originalRequest": {
						"method": "DELETE",
						"header": [
							{
								"key": "Content-Type",
								"value": "application/json",
								"type": "text"
							}
						],
						"body": {
							"mode": "raw",
							"raw": "",
							"options": {
								"raw": {
									"language": "json"
								}
							}
						},
						"url": {
							"raw": "{{baseUrl}}/imagenes/0",
							"host": [
								"{{baseUrl}}"
							],
							"path": [
								"imagenes",
								"0"
							]
						}
					},
					"status": "Not Found",
					"code": 404,
					"_postman_previewlanguage": null,
					"header": null,
					"cookie": [],
					"body": "{\r\n  \"apierror\": {\r\n    \"status\": \"NOT_FOUND\",\r\n    \"timestamp\": \"21-02-2025 10:05:19\",\r\n    \"message\": \"The imagen with the given id was not found\"\r\n  }\r\n}"
				}
			]
		}
	]
}