{
	"info": {
		"_postman_id": "ff1f756b-e1cc-41f7-aeb0-5bc304726acd",
		"name": "Itinerario",
		"schema": "https://schema.getpostman.com/json/collection/v2.1.0/collection.json",
		"_exporter_id": "47733935"
	},
	"item": [
		{
			"name": "Crear Itinerario",
			"request": {
				"method": "POST",
				"header": [],
				"body": {
					"mode": "raw",
					"raw": "{\r\n  \"nombre\": \"Ruta Nevado\",\r\n  \"dias\": [\r\n    {\r\n      \"numeroDia\": 1,\r\n      \"alojamiento\": \"Campamento Base\",\r\n      \"actividades\": \"Caminata\",\r\n      \"comida\": \"Desayuno y Cena\"\r\n    },\r\n    {\r\n      \"numeroDia\": 2,\r\n      \"alojamiento\": \"Refugio de Montaña\",\r\n      \"actividades\": \"Escalada\",\r\n      \"comida\": \"Desayuno, Almuerzo, Cena\"\r\n    }\r\n  ]\r\n}",
					"options": {
						"raw": {
							"language": "json"
						}
					}
				},
				"url": {
					"raw": "{{baseUrl}}/itinerarios",
					"host": [
						"{{baseUrl}}"
					],
					"path": [
						"itinerarios"
					]
				}
			},
			"response": [
				{
					"name": "Crear Itinerario",
					"originalRequest": {
						"method": "POST",
						"header": [],
						"body": {
							"mode": "raw",
							"raw": "{\r\n  \"nombre\": \"Ruta Nevado\",\r\n  \"dias\": [\r\n    {\r\n      \"numeroDia\": 1,\r\n      \"alojamiento\": \"Campamento Base\",\r\n      \"actividades\": \"Caminata\",\r\n      \"comida\": \"Desayuno y Cena\"\r\n    },\r\n    {\r\n      \"numeroDia\": 2,\r\n      \"alojamiento\": \"Refugio de Montaña\",\r\n      \"actividades\": \"Escalada\",\r\n      \"comida\": \"Desayuno, Almuerzo, Cena\"\r\n    }\r\n  ]\r\n}",
							"options": {
								"raw": {
									"language": "json"
								}
							}
						},
						"url": {
							"raw": "{{baseUrl}}/itinerarios",
							"host": [
								"{{baseUrl}}"
							],
							"path": [
								"itinerarios"
							]
						}
					},
					"status": "Created",
					"code": 201,
					"_postman_previewlanguage": "json",
					"header": [
						{
							"key": "Content-Type",
							"value": "application/json",
							"description": "",
							"type": "text"
						}
					],
					"cookie": [],
					"body": "{\n    \"id\": 1,\n    \"nombre\": \"Ruta Nevado\",\n    \"dias\": [\n        {\n            \"numeroDia\": 1,\n            \"alojamiento\": \"Campamento Base\",\n            \"actividades\": \"Caminata\",\n            \"comida\": \"Desayuno y Cena\"\n        },\n        {\n            \"numeroDia\": 2,\n            \"alojamiento\": \"Refugio de Montaña\",\n            \"actividades\": \"Escalada\",\n            \"comida\": \"Desayuno, Almuerzo, Cena\"\n        }\n    ]\n}"
				}
			]
		},
		{
			"name": "Obtener todos los itinerarios",
			"request": {
				"method": "GET",
				"header": [],
				"url": {
					"raw": "{{baseUrl}}/itinerarios",
					"host": [
						"{{baseUrl}}"
					],
					"path": [
						"itinerarios"
					]
				}
			},
			"response": [
				{
					"name": "Obtener todos los itinerarios",
					"originalRequest": {
						"method": "GET",
						"header": [
							{
								"key": "Content-Type",
								"value": "application/json",
								"type": "text"
							}
						],
						"url": {
							"raw": "{{baseUrl}}/itinerarios",
							"host": [
								"{{baseUrl}}"
							],
							"path": [
								"itinerarios"
							]
						}
					},
					"status": "OK",
					"code": 200,
					"_postman_previewlanguage": "json",
					"header": [
						{
							"key": "Content-Type",
							"value": "application/json",
							"description": "",
							"type": "text"
						}
					],
					"cookie": [],
					"body": "[\n    {\n        \"id\": 1,\n        \"nombre\": \"Ruta Nevado\",\n        \"dias\": [\n            {\n                \"numeroDia\": 1,\n                \"alojamiento\": \"Campamento Base\",\n                \"actividades\": \"Caminata\",\n                \"comida\": \"Desayuno y Cena\"\n            },\n            {\n                \"numeroDia\": 2,\n                \"alojamiento\": \"Refugio de Montaña\",\n                \"actividades\": \"Escalada\",\n                \"comida\": \"Desayuno, Almuerzo, Cena\"\n            }\n        ]\n    }\n]"
				}
			]
		},
		{
			"name": "Obtener itinerario",
			"request": {
				"method": "GET",
				"header": [],
				"url": {
					"raw": "{{baseUrl}}/itinerarios/{{itinerario_id}}",
					"host": [
						"{{baseUrl}}"
					],
					"path": [
						"itinerarios",
						"{{itinerario_id}}"
					]
				}
			},
			"response": [
				{
					"name": "Obtener itinerario",
					"originalRequest": {
						"method": "GET",
						"header": [
							{
								"key": "Content-Type",
								"value": "application/json",
								"type": "text"
							}
						],
						"url": {
							"raw": "{{baseUrl}}/itinerarios/{{itinerario_id}}",
							"host": [
								"{{baseUrl}}"
							],
							"path": [
								"itinerarios",
								"{{itinerario_id}}"
							]
						}
					},
					"status": "OK",
					"code": 200,
					"_postman_previewlanguage": "json",
					"header": [
						{
							"key": "Content-Type",
							"value": "application/json",
							"description": "",
							"type": "text"
						}
					],
					"cookie": [],
					"body": "{\n    \"id\": 1,\n    \"nombre\": \"Ruta Nevado\",\n    \"dias\": [\n        {\n            \"numeroDia\": 1,\n            \"alojamiento\": \"Campamento Base\",\n            \"actividades\": \"Caminata\",\n            \"comida\": \"Desayuno y Cena\"\n        },\n        {\n            \"numeroDia\": 2,\n            \"alojamiento\": \"Refugio de Montaña\",\n            \"actividades\": \"Escalada\",\n            \"comida\": \"Desayuno, Almuerzo, Cena\"\n        }\n    ]\n}"
				}
			]
		},
		{
			"name": "Obtener itinerario que no existe",
			"request": {
				"method": "GET",
				"header": [],
				"url": {
					"raw": "{{baseUrl}}/itinerarios/0",
					"host": [
						"{{baseUrl}}"
					],
					"path": [
						"itinerarios",
						"0"
					]
				}
			},
			"response": [
				{
					"name": "Obtener itinerario que no existe",
					"originalRequest": {
						"method": "GET",
						"header": [
							{
								"key": "Content-Type",
								"value": "application/json",
								"type": "text"
							}
						],
						"url": {
							"raw": "{{baseUrl}}/itinerarios/0",
							"host": [
								"{{baseUrl}}"
							],
							"path": [
								"itinerarios",
								"0"
							]
						}
					},
					"status": "Not Found",
					"code": 404,
					"_postman_previewlanguage": null,
					"header": null,
					"cookie": [],
					"body": "{\r\n  \"apierror\": {\r\n    \"status\": \"NOT_FOUND\",\r\n    \"timestamp\": \"21-02-2025 10:01:09\",\r\n    \"message\": \"The itinerario with the given id was not found\"\r\n  }\r\n}"
				}
			]
		},
		{
			"name": "Actualizar itinerario",
			"request": {
				"method": "PUT",
				"header": [],
				"body": {
					"mode": "raw",
					"raw": "{\r\n  \"nombre\": \"Ruta Nevado - Versión Extendida\",\r\n  \"dias\": [\r\n    {\r\n      \"numeroDia\": 1,\r\n      \"alojamiento\": \"Campamento Base\",\r\n      \"actividades\": \"Caminata y charla de seguridad\",\r\n      \"comida\": \"Desayuno y Cena\"\r\n    },\r\n    {\r\n      \"numeroDia\": 2,\r\n      \"alojamiento\": \"Refugio de Montaña\",\r\n      \"actividades\": \"Escalada en hielo\",\r\n      \"comida\": \"Desayuno, Almuerzo, Cena\"\r\n    }\r\n  ]\r\n}",
					"options": {
						"raw": {
							"language": "json"
						}
					}
				},
				"url": {
					"raw": "{{baseUrl}}/itinerarios/{{itinerario_id}}",
					"host": [
						"{{baseUrl}}"
					],
					"path": [
						"itinerarios",
						"{{itinerario_id}}"
					]
				}
			},
			"response": [
				{
					"name": "Actualizar itinerario",
					"originalRequest": {
						"method": "PUT",
						"header": [],
						"body": {
							"mode": "raw",
							"raw": "{\r\n  \"nombre\": \"Ruta Nevado - Versión Extendida\",\r\n  \"dias\": [\r\n    {\r\n      \"numeroDia\": 1,\r\n      \"alojamiento\": \"Campamento Base\",\r\n      \"actividades\": \"Caminata y charla de seguridad\",\r\n      \"comida\": \"Desayuno y Cena\"\r\n    },\r\n    {\r\n      \"numeroDia\": 2,\r\n      \"alojamiento\": \"Refugio de Montaña\",\r\n      \"actividades\": \"Escalada en hielo\",\r\n      \"comida\": \"Desayuno, Almuerzo, Cena\"\r\n    }\r\n  ]\r\n}",
							"options": {
								"raw": {
									"language": "json"
								}
							}
						},
						"url": {
							"raw": "{{baseUrl}}/itinerarios/{{itinerario_id}}",
							"host": [
								"{{baseUrl}}"
							],
							"path": [
								"itinerarios",
								"{{itinerario_id}}"
							]
						}
					},
					"status": "OK",
					"code": 200,
					"_postman_previewlanguage": "json",
					"header": [
						{
							"key": "Content-Type",
							"value": "application/json",
							"description": "",
							"type": "text"
						}
					],
					"cookie": [],
					"body": "{\n    \"id\": 1,\n    \"nombre\": \"Ruta Nevado - Versión Extendida\",\n    \"dias\": [\n        {\n            \"numeroDia\": 1,\n            \"alojamiento\": \"Campamento Base\",\n            \"actividades\": \"Caminata y charla de seguridad\",\n            \"comida\": \"Desayuno y Cena\"\n        },\n        {\n            \"numeroDia\": 2,\n            \"alojamiento\": \"Refugio de Montaña\",\n            \"actividades\": \"Escalada en hielo\",\n            \"comida\": \"Desayuno, Almuerzo, Cena\"\n        }\n    ]\n}"
				}
			]
		},
		{
			"name": "Actualizar itinerario que no existe",
			"request": {
				"method": "PUT",
				"header": [],
				"body": {
					"mode": "raw",
					"raw": "{\r\n  \"nombre\": \"Nuevo Nombre\",\r\n  \"dias\": []\r\n}\r\n",
					"options": {
						"raw": {
							"language": "json"
						}
					}
				},
				"url": {
					"raw": "{{baseUrl}}/itinerarios/0",
					"host": [
						"{{baseUrl}}"
					],
					"path": [
						"itinerarios",
						"0"
					]
				}
			},
			"response": [
				{
					"name": "Actualizar itinerario que no existe",
					"originalRequest": {
						"method": "PUT",
						"header": [
							{
								"key": "Content-Type",
								"value": "application/json",
								"type": "text"
							}
						],
						"body": {
							"mode": "raw",
							"raw": "{\r\n  \"nombre\": \"Nuevo Nombre\",\r\n  \"dias\": []\r\n}\r\n",
							"options": {
								"raw": {
									"language": "json"
								}
							}
						},
						"url": {
							"raw": "{{baseUrl}}/itinerarios/0",
							"host": [
								"{{baseUrl}}"
							],
							"path": [
								"itinerarios",
								"0"
							]
						}
					},
					"status": "Not Found",
					"code": 404,
					"_postman_previewlanguage": "json",
					"header": [
						{
							"key": "Content-Type",
							"value": "application/json",
							"description": "",
							"type": "text"
						}
					],
					"cookie": [],
					"body": "{\n    \"apierror\": {\n        \"status\": \"NOT_FOUND\",\n        \"timestamp\": \"21-02-2025 10:04:10\",\n        \"message\": \"The itinerario with the given id was not found\"\n    }\n}"
				}
			]
		},
		{
			"name": "Borrar itinerario",
			"request": {
				"method": "DELETE",
				"header": [],
				"url": {
					"raw": "{{baseUrl}}/itinerarios/{{itinerario_id}}",
					"host": [
						"{{baseUrl}}"
					],
					"path": [
						"itinerarios",
						"{{itinerario_id}}"
					]
				}
			},
			"response": [
				{
					"name": "Borrar itinerario",
					"originalRequest": {
						"method": "DELETE",
						"header": [
							{
								"key": "Content-Type",
								"value": "application/json",
								"type": "text"
							}
						],
						"body": {
							"mode": "raw",
							"raw": "",
							"options": {
								"raw": {
									"language": "json"
								}
							}
						},
						"url": {
							"raw": "{{baseUrl}}/itinerarios/{{itinerario_id}}",
							"host": [
								"{{baseUrl}}"
							],
							"path": [
								"itinerarios",
								"{{itinerario_id}}"
							]
						}
					},
					"status": "No Content",
					"code": 204,
					"_postman_previewlanguage": null,
					"header": null,
					"cookie": [],
					"body": null
				}
			]
		},
		{
			"name": "Borrar itinerario que no existe",
			"request": {
				"method": "DELETE",
				"header": [],
				"url": {
					"raw": "{{baseUrl}}/itinerarios/0",
					"host": [
						"{{baseUrl}}"
					],
					"path": [
						"itinerarios",
						"0"
					]
				}
			},
			"response": [
				{
					"name": "Borrar itinerario que no existe",
					"originalRequest": {
						"method": "DELETE",
						"header": [
							{
								"key": "Content-Type",
								"value": "application/json",
								"type": "text"
							}
						],
						"url": {
							"raw": "{{baseUrl}}/itinerarios/0",
							"host": [
								"{{baseUrl}}"
							],
							"path": [
								"itinerarios",
								"0"
							]
						}
					},
					"status": "Not Found",
					"code": 404,
					"_postman_previewlanguage": "json",
					"header": [
						{
							"key": "Content-Type",
							"value": "application/json",
							"description": "",
							"type": "text"
						}
					],
					"cookie": [],
					"body": "{\n    \"apierror\": {\n        \"status\": \"NOT_FOUND\",\n        \"timestamp\": \"21-02-2025 10:05:19\",\n        \"message\": \"The itinerario with the given id was not found\"\n    }\n}"
				}
			]
		},
		{
			"name": "Agregar un día a Itinerario",
			"request": {
				"method": "POST",
				"header": [],
				"body": {
					"mode": "raw",
					"raw": "{\r\n  \"numeroDia\": 3,\r\n  \"alojamiento\": \"Cabaña en el bosque\",\r\n  \"actividades\": \"Senderismo\",\r\n  \"comida\": \"Desayuno y Almuerzo\"\r\n}\r\n",
					"options": {
						"raw": {
							"language": "json"
						}
					}
				},
				"url": {
					"raw": "{{baseUrl}}/itinerarios/{{itinerario_id}}/dias",
					"host": [
						"{{baseUrl}}"
					],
					"path": [
						"itinerarios",
						"{{itinerario_id}}",
						"dias"
					]
				}
			},
			"response": [
				{
					"name": "Agregar un día a Itinerario",
					"originalRequest": {
						"method": "POST",
						"header": [],
						"body": {
							"mode": "raw",
							"raw": "{\r\n  \"numeroDia\": 3,\r\n  \"alojamiento\": \"Cabaña en el bosque\",\r\n  \"actividades\": \"Senderismo\",\r\n  \"comida\": \"Desayuno y Almuerzo\"\r\n}\r\n",
							"options": {
								"raw": {
									"language": "json"
								}
							}
						},
						"url": {
							"raw": "{{baseUrl}}/itinerarios/{{itinerario_id}}/dias",
							"host": [
								"{{baseUrl}}"
							],
							"path": [
								"itinerarios",
								"{{itinerario_id}}",
								"dias"
							]
						}
					},
					"status": "Created",
					"code": 201,
					"_postman_previewlanguage": "json",
					"header": [
						{
							"key": "Content-Type",
							"value": "application/json",
							"description": "",
							"type": "text"
						}
					],
					"cookie": [],
					"body": "{\n    \"numeroDia\": 3,\n    \"alojamiento\": \"Cabaña en el bosque\",\n    \"actividades\": \"Senderismo\",\n    \"comida\": \"Desayuno y Almuerzo\"\n}"
				}
			]
		}
	]
}