{
	"info": {
		"_postman_id": "13d8caa6-97ae-464f-9101-1db86036b796",
		"name": "ItinerarioDiaItinerario",
		"schema": "https://schema.getpostman.com/json/collection/v2.1.0/collection.json",
		"_exporter_id": "47733935"
	},
	"item": [
		{
			"name": "Agregar dia a Itinerario",
			"request": {
				"method": "POST",
				"header": [],
				"url": {
					"raw": "{{baseUrl}}/itinerarios/{{idItinerario}}/dias/{{idDia}}",
					"host": [
						"{{baseUrl}}"
					],
					"path": [
						"itinerarios",
						"{{idItinerario}}",
						"dias",
						"{{idDia}}"
					]
				}
			},
			"response": [
				{
					"name": "Agregar dia a Itinerario",
					"originalRequest": {
						"method": "POST",
						"header": [],
						"url": {
							"raw": "{{baseUrl}}/itinerarios/{{idItinerario}}/dias/{{idDia}}",
							"host": [
								"{{baseUrl}}"
							],
							"path": [
								"itinerarios",
								"{{idItinerario}}",
								"dias",
								"{{idDia}}"
							]
						}
					},
					"status": "Created",
					"code": 201,
					"_postman_previewlanguage": "json",
					"header": [
						{
							"key": "Content-Type",
							"value": "application/json",
							"description": "",
							"type": "text"
						}
					],
					"cookie": [],
					"body": "{\n    \"id\": 5,\n    \"numeroDia\": 1,\n    \"descripcion\": \"Recorrido por la montaña\"\n}"
				}
			]
		},
		{
			"name": "Agregar un día que no existe a un itinerario",
			"request": {
				"method": "POST",
				"header": [],
				"url": {
					"raw": "{{baseUrl}}/itinerarios/{{idItinerario}}/dias/0",
					"host": [
						"{{baseUrl}}"
					],
					"path": [
						"itinerarios",
						"{{idItinerario}}",
						"dias",
						"0"
					]
				}
			},
			"response": [
				{
					"name": "Agregar un día que no existe a un itinerario",
					"originalRequest": {
						"method": "POST",
						"header": [],
						"url": {
							"raw": "{{baseUrl}}/itinerarios/{{idItinerario}}/dias/0",
							"host": [
								"{{baseUrl}}"
							],
							"path": [
								"itinerarios",
								"{{idItinerario}}",
								"dias",
								"0"
							]
						}
					},
					"status": "Not Found",
					"code": 404,
					"_postman_previewlanguage": "json",
					"header": [
						{
							"key": "Content-Type",
							"value": "application/json",
							"description": "",
							"type": "text"
						}
					],
					"cookie": [],
					"body": "{\n    \"apierror\": {\n        \"status\": \"NOT_FOUND\",\n        \"timestamp\": \"2025-09-10T11:40:12\",\n        \"message\": \"El día con el id dado no fue encontrado.\"\n    }\n}"
				}
			]
		},
		{
			"name": "Obtener un día de un itinerario",
			"request": {
				"method": "GET",
				"header": [],
				"url": {
					"raw": "{{baseUrl}}/itinerarios/{{idItinerario}}/dias/{{idDia}}",
					"host": [
						"{{baseUrl}}"
					],
					"path": [
						"itinerarios",
						"{{idItinerario}}",
						"dias",
						"{{idDia}}"
					]
				}
			},
			"response": [
				{
					"name": "Obtener un día de un itinerario",
					"originalRequest": {
						"method": "GET",
						"header": [],
						"url": {
							"raw": "{{baseUrl}}/itinerarios/{{idItinerario}}/dias/{{idDia}}",
							"host": [
								"{{baseUrl}}"
							],
							"path": [
								"itinerarios",
								"{{idItinerario}}",
								"dias",
								"{{idDia}}"
							]
						}
					},
					"status": "OK",
					"code": 200,
					"_postman_previewlanguage": "json",
					"header": [
						{
							"key": "Content-Type",
							"value": "application/json",
							"description": "",
							"type": "text"
						}
					],
					"cookie": [],
					"body": "{\n    \"id\": 5,\n    \"numeroDia\": 1,\n    \"descripcion\": \"Recorrido por la montaña\"\n}"
				}
			]
		},
		{
			"name": "Obtener un día que no existe de un itinerario",
			"request": {
				"method": "GET",
				"header": [],
				"url": {
					"raw": "{{baseUrl}}/itinerarios/{{idItinerario}}/dias/0",
					"host": [
						"{{baseUrl}}"
					],
					"path": [
						"itinerarios",
						"{{idItinerario}}",
						"dias",
						"0"
					]
				}
			},
			"response": [
				{
					"name": "Obtener un día que no existe de un itinerario",
					"originalRequest": {
						"method": "GET",
						"header": [],
						"url": {
							"raw": "{{baseUrl}}/itinerarios/{{idItinerario}}/dias/0",
							"host": [
								"{{baseUrl}}"
							],
							"path": [
								"itinerarios",
								"{{idItinerario}}",
								"dias",
								"0"
							]
						}
					},
					"status": "Not Found",
					"code": 404,
					"_postman_previewlanguage": "json",
					"header": [
						{
							"key": "Content-Type",
							"value": "application/json",
							"description": "",
							"type": "text"
						}
					],
					"cookie": [],
					"body": "{\n    \"apierror\": {\n        \"status\": \"NOT_FOUND\",\n        \"timestamp\": \"2025-09-10T11:41:22\",\n        \"message\": \"El día con el id dado no fue encontrado.\"\n    }\n}"
				}
			]
		},
		{
			"name": "Obtener un día que no está asociado al itinerario",
			"request": {
				"method": "GET",
				"header": [],
				"url": {
					"raw": "{{baseUrl}}/itinerarios/{{idItinerario}}/dias/{{idDiaNoAsociado}}",
					"host": [
						"{{baseUrl}}"
					],
					"path": [
						"itinerarios",
						"{{idItinerario}}",
						"dias",
						"{{idDiaNoAsociado}}"
					]
				}
			},
			"response": [
				{
					"name": "Obtener un día que no está asociado al itinerario",
					"originalRequest": {
						"method": "GET",
						"header": [],
						"url": {
							"raw": "{{baseUrl}}/itinerarios/{{idItinerario}}/dias/{{idDiaNoAsociado}}",
							"host": [
								"{{baseUrl}}"
							],
							"path": [
								"itinerarios",
								"{{idItinerario}}",
								"dias",
								"{{idDiaNoAsociado}}"
							]
						}
					},
					"status": "Precondition Failed",
					"code": 412,
					"_postman_previewlanguage": "json",
					"header": [
						{
							"key": "Content-Type",
							"value": "application/json",
							"description": "",
							"type": "text"
						}
					],
					"cookie": [],
					"body": "{\n    \"apierror\": {\n        \"status\": \"PRECONDITION_FAILED\",\n        \"timestamp\": \"2025-09-10T11:42:55\",\n        \"message\": \"El día no está asociado al itinerario.\"\n    }\n}"
				}
			]
		},
		{
			"name": "Obtener todos los días de un itinerario",
			"request": {
				"method": "GET",
				"header": [],
				"url": {
					"raw": "{{baseUrl}}/itinerarios/{{idItinerario}}/dias",
					"host": [
						"{{baseUrl}}"
					],
					"path": [
						"itinerarios",
						"{{idItinerario}}",
						"dias"
					]
				}
			},
			"response": [
				{
					"name": "Obtener todos los días de un itinerario",
					"originalRequest": {
						"method": "GET",
						"header": [],
						"url": {
							"raw": "{{baseUrl}}/itinerarios/{{idItinerario}}/dias",
							"host": [
								"{{baseUrl}}"
							],
							"path": [
								"itinerarios",
								"{{idItinerario}}",
								"dias"
							]
						}
					},
					"status": "OK",
					"code": 200,
					"_postman_previewlanguage": "json",
					"header": [
						{
							"key": "Content-Type",
							"value": "application/json",
							"description": "",
							"type": "text"
						}
					],
					"cookie": [],
					"body": "[\n    {\n        \"id\": 5,\n        \"numeroDia\": 1,\n        \"descripcion\": \"Recorrido por la montaña\"\n    },\n    {\n        \"id\": 6,\n        \"numeroDia\": 2,\n        \"descripcion\": \"Visita al lago\"\n    }\n]"
				}
			]
		},
		{
			"name": "Asociar una lista de días a un itinerario (reemplazar los existentes)",
			"request": {
				"method": "PUT",
				"header": [],
				"body": {
					"mode": "raw",
					"raw": "[\r\n  {\r\n    \"id\": 7,\r\n    \"numeroDia\": 1,\r\n    \"descripcion\": \"Nuevo recorrido por el bosque\"\r\n  },\r\n  {\r\n    \"id\": 8,\r\n    \"numeroDia\": 2,\r\n    \"descripcion\": \"Exploración de cuevas\"\r\n  }\r\n]",
					"options": {
						"raw": {
							"language": "json"
						}
					}
				},
				"url": {
					"raw": "{{baseUrl}}/itinerarios/{{idItinerario}}/dias",
					"host": [
						"{{baseUrl}}"
					],
					"path": [
						"itinerarios",
						"{{idItinerario}}",
						"dias"
					]
				}
			},
			"response": [
				{
					"name": "Asociar una lista de días a un itinerario (reemplazar los existentes)",
					"originalRequest": {
						"method": "PUT",
						"header": [],
						"body": {
							"mode": "raw",
							"raw": "[\r\n  {\r\n    \"id\": 7,\r\n    \"numeroDia\": 1,\r\n    \"descripcion\": \"Nuevo recorrido por el bosque\"\r\n  },\r\n  {\r\n    \"id\": 8,\r\n    \"numeroDia\": 2,\r\n    \"descripcion\": \"Exploración de cuevas\"\r\n  }\r\n]",
							"options": {
								"raw": {
									"language": "json"
								}
							}
						},
						"url": {
							"raw": "{{baseUrl}}/itinerarios/{{idItinerario}}/dias",
							"host": [
								"{{baseUrl}}"
							],
							"path": [
								"itinerarios",
								"{{idItinerario}}",
								"dias"
							]
						}
					},
					"status": "OK",
					"code": 200,
					"_postman_previewlanguage": "json",
					"header": [
						{
							"key": "Content-Type",
							"value": "application/json",
							"description": "",
							"type": "text"
						}
					],
					"cookie": [],
					"body": "[\n    {\n        \"id\": 7,\n        \"numeroDia\": 1,\n        \"descripcion\": \"Nuevo recorrido por el bosque\"\n    },\n    {\n        \"id\": 8,\n        \"numeroDia\": 2,\n        \"descripcion\": \"Exploración de cuevas\"\n    }\n]"
				}
			]
		},
		{
			"name": "Asociar días que no existen a un itinerario",
			"request": {
				"method": "PUT",
				"header": [],
				"body": {
					"mode": "raw",
					"raw": "[\r\n  {\r\n    \"id\": 0,\r\n    \"numeroDia\": 1,\r\n    \"descripcion\": \"Día inexistente\"\r\n  }\r\n]",
					"options": {
						"raw": {
							"language": "json"
						}
					}
				},
				"url": {
					"raw": "{{baseUrl}}/itinerarios/{{idItinerario}}/dias",
					"host": [
						"{{baseUrl}}"
					],
					"path": [
						"itinerarios",
						"{{idItinerario}}",
						"dias"
					]
				}
			},
			"response": [
				{
					"name": "Asociar días que no existen a un itinerario",
					"originalRequest": {
						"method": "PUT",
						"header": [],
						"body": {
							"mode": "raw",
							"raw": "[\r\n  {\r\n    \"id\": 0,\r\n    \"numeroDia\": 1,\r\n    \"descripcion\": \"Día inexistente\"\r\n  }\r\n]",
							"options": {
								"raw": {
									"language": "json"
								}
							}
						},
						"url": {
							"raw": "{{baseUrl}}/itinerarios/{{idItinerario}}/dias",
							"host": [
								"{{baseUrl}}"
							],
							"path": [
								"itinerarios",
								"{{idItinerario}}",
								"dias"
							]
						}
					},
					"status": "Not Found",
					"code": 404,
					"_postman_previewlanguage": "json",
					"header": [
						{
							"key": "Content-Type",
							"value": "application/json",
							"description": "",
							"type": "text"
						}
					],
					"cookie": [],
					"body": "{\n    \"apierror\": {\n        \"status\": \"NOT_FOUND\",\n        \"timestamp\": \"2025-09-10T11:45:10\",\n        \"message\": \"El día con el id dado no fue encontrado.\"\n    }\n}"
				}
			]
		},
		{
			"name": "Eliminar un día de un itinerario",
			"request": {
				"method": "DELETE",
				"header": [],
				"url": {
					"raw": "{{baseUrl}}/itinerarios/{{idItinerario}}/dias/{{idDia}}",
					"host": [
						"{{baseUrl}}"
					],
					"path": [
						"itinerarios",
						"{{idItinerario}}",
						"dias",
						"{{idDia}}"
					]
				}
			},
			"response": [
				{
					"name": "Eliminar un día de un itinerario",
					"originalRequest": {
						"method": "DELETE",
						"header": [],
						"url": {
							"raw": "{{baseUrl}}/itinerarios/{{idItinerario}}/dias/{{idDia}}",
							"host": [
								"{{baseUrl}}"
							],
							"path": [
								"itinerarios",
								"{{idItinerario}}",
								"dias",
								"{{idDia}}"
							]
						}
					},
					"status": "No Content",
					"code": 204,
					"_postman_previewlanguage": "",
					"header": [],
					"cookie": [
						{
							"expires": "Invalid Date",
							"domain": "",
							"path": ""
						}
					],
					"body": ""
				}
			]
		},
		{
			"name": "Eliminar un día de un itinerario que no existe",
			"request": {
				"method": "DELETE",
				"header": [],
				"url": {
					"raw": "{{baseUrl}}/itinerarios/0/dias/{{idDia}}",
					"host": [
						"{{baseUrl}}"
					],
					"path": [
						"itinerarios",
						"0",
						"dias",
						"{{idDia}}"
					]
				}
			},
			"response": [
				{
					"name": "Eliminar un día de un itinerario que no existe",
					"originalRequest": {
						"method": "DELETE",
						"header": [],
						"url": {
							"raw": "{{baseUrl}}/itinerarios/0/dias/{{idDia}}",
							"host": [
								"{{baseUrl}}"
							],
							"path": [
								"itinerarios",
								"0",
								"dias",
								"{{idDia}}"
							]
						}
					},
					"status": "Not Found",
					"code": 404,
					"_postman_previewlanguage": "json",
					"header": [
						{
							"key": "Content-Type",
							"value": "application/json",
							"description": "",
							"type": "text"
						}
					],
					"cookie": [],
					"body": "{\n    \"apierror\": {\n        \"status\": \"NOT_FOUND\",\n        \"timestamp\": \"2025-09-10T11:46:20\",\n        \"message\": \"El itinerario con el id dado no fue encontrado.\"\n    }\n}"
				}
			]
		},
		{
			"name": "Eliminar un día que no existe de un itinerario",
			"request": {
				"method": "DELETE",
				"header": [],
				"url": {
					"raw": "{{baseUrl}}/itinerarios/{{idItinerario}}/dias/0",
					"host": [
						"{{baseUrl}}"
					],
					"path": [
						"itinerarios",
						"{{idItinerario}}",
						"dias",
						"0"
					]
				}
			},
			"response": [
				{
					"name": "Eliminar un día que no existe de un itinerario",
					"originalRequest": {
						"method": "DELETE",
						"header": [],
						"url": {
							"raw": "{{baseUrl}}/itinerarios/{{idItinerario}}/dias/0",
							"host": [
								"{{baseUrl}}"
							],
							"path": [
								"itinerarios",
								"{{idItinerario}}",
								"dias",
								"0"
							]
						}
					},
					"status": "Not Found",
					"code": 404,
					"_postman_previewlanguage": "json",
					"header": [
						{
							"key": "Content-Type",
							"value": "application/json",
							"name": "Content-Type",
							"description": "",
							"type": "text"
						}
					],
					"cookie": [],
					"body": "{\r\n  \"apierror\": {\r\n    \"status\": \"NOT_FOUND\",\r\n    \"timestamp\": \"2025-09-10T11:47:05\",\r\n    \"message\": \"El día con el id dado no fue encontrado.\"\r\n  }\r\n}"
				}
			]
		}
	]
}