{
	"info": {
		"_postman_id": "8c4d12aa-9670-4065-ac05-ce9103d1d563",
		"name": "Persona_Natural",
		"schema": "https://schema.getpostman.com/json/collection/v2.1.0/collection.json",
		"_exporter_id": "47314193",
		"_collection_link": "https://juanes111-6425960.postman.co/workspace/Oferente~5923938b-c938-49ee-82d8-e612899715e7/collection/47314193-8c4d12aa-9670-4065-ac05-ce9103d1d563?action=share&source=collection_link&creator=47314193"
	},
	"item": [
		{
			"name": "Crear persona natural",
			"request": {
				"method": "POST",
				"header": [],
				"body": {
					"mode": "raw",
					"raw": "{\r\n  \"nombre\": \"Erling\",\r\n  \"apellido\": \"Ronaldo\",\r\n  \"idCedula\": 1000123456,\r\n  \"foto\": \"https://example.com/erling.jpg\",\r\n  \"nivelExperiencia\": \"Senior\",\r\n  \"expediciones\": [\"Nevado del Ruiz 2020\", \"Sierra Nevada 2024\"]\r\n}\r\n",
					"options": {
						"raw": {
							"language": "json"
						}
					}
				},
				"url": {
					"raw": "{{baseURL}}/personanatural",
					"host": [
						"{{baseURL}}"
					],
					"path": [
						"personanatural"
					]
				}
			},
			"response": [
				{
					"name": "Crear persona natural",
					"originalRequest": {
						"method": "POST",
						"header": [],
						"body": {
							"mode": "raw",
							"raw": "",
							"options": {
								"raw": {
									"language": "json"
								}
							}
						},
						"url": {
							"raw": "{{baseURL}}/personanatural",
							"host": [
								"{{baseURL}}"
							],
							"path": [
								"personanatural"
							]
						}
					},
					"status": "Created",
					"code": 201,
					"_postman_previewlanguage": "",
					"header": [],
					"cookie": [
						{
							"expires": "Invalid Date",
							"domain": "",
							"path": ""
						}
					],
					"body": "{\r\n  \"id\": 1,\r\n  \"nombre\": \"Erling\",\r\n  \"apellido\": \"Ronaldo\",\r\n  \"idCedula\": 1000123456,\r\n  \"foto\": \"https://example.com/erling.jpg\",\r\n  \"nivelExperiencia\": \"Senior\",\r\n  \"expediciones\": [\"Nevado del Ruiz 2020\", \"Sierra Nevada 2024\"]\r\n}\r\n"
				}
			]
		},
		{
			"name": "Obtener todas las personas naturales",
			"request": {
				"method": "GET",
				"header": [],
				"url": {
					"raw": "{{baseUrl}}/personasNaturales",
					"host": [
						"{{baseUrl}}"
					],
					"path": [
						"personasNaturales"
					]
				}
			},
			"response": [
				{
					"name": "Obtener todas las personas naturales",
					"originalRequest": {
						"method": "GET",
						"header": [],
						"url": {
							"raw": "{{baseURL}}/personanatural",
							"host": [
								"{{baseURL}}"
							],
							"path": [
								"personanatural"
							]
						}
					},
					"status": "OK",
					"code": 200,
					"_postman_previewlanguage": null,
					"header": null,
					"cookie": [],
					"body": "[\r\n  {\r\n    \"id\": 1,\r\n    \"nombre\": \"Erling\",\r\n    \"apellido\": \"Ronaldo\",\r\n    \"idCedula\": 1000123456,\r\n    \"foto\": \"https://example.com/erling.jpg\",\r\n    \"nivelExperiencia\": \"Senior\",\r\n    \"expediciones\": [\"Nevado del Ruiz 2020\", \"Sierra Nevada 2024\"]\r\n  }\r\n]\r\n"
				}
			]
		},
		{
			"name": "Obtener una persona natural",
			"request": {
				"method": "GET",
				"header": [],
				"url": {
					"raw": "{{baseUrl}}/personasNaturales/{{personaNatural_id_1}}",
					"host": [
						"{{baseUrl}}"
					],
					"path": [
						"personasNaturales",
						"{{personaNatural_id_1}}"
					]
				}
			},
			"response": [
				{
					"name": "Obtener una persona natural",
					"originalRequest": {
						"method": "GET",
						"header": []
					},
					"status": "OK",
					"code": 200,
					"_postman_previewlanguage": null,
					"header": null,
					"cookie": [],
					"body": "{\r\n  \"id\": 1,\r\n  \"nombre\": \"Erling\",\r\n  \"apellido\": \"Ronaldo\",\r\n  \"idCedula\": 1000123456,\r\n  \"foto\": \"https://example.com/erling.jpg\",\r\n  \"nivelExperiencia\": \"Senior\",\r\n  \"expediciones\": [\"Nevado del Ruiz 2020\", \"Sierra Nevada 2024\"]\r\n}\r\n"
				}
			]
		},
		{
			"name": "Obtener una persona que no existe",
			"request": {
				"method": "GET",
				"header": [],
				"url": {
					"raw": "{{baseUrl}}/personasNaturales/0",
					"host": [
						"{{baseUrl}}"
					],
					"path": [
						"personasNaturales",
						"0"
					]
				}
			},
			"response": [
				{
					"name": "Obtener una persona que no existe",
					"originalRequest": {
						"method": "GET",
						"header": []
					},
					"status": "Not Found",
					"code": 404,
					"_postman_previewlanguage": null,
					"header": null,
					"cookie": [],
					"body": "{\r\n  \"apierror\": {\r\n    \"status\": \"NOT_FOUND\",\r\n    \"timestamp\": \"21-02-2025 10:01:09\",\r\n    \"message\": \"The persona natural with the given id was not found\"\r\n  }\r\n}\r\n"
				}
			]
		},
		{
			"name": "Actualizar una persona natural",
			"request": {
				"method": "PUT",
				"header": [],
				"body": {
					"mode": "raw",
					"raw": "{\r\n  \"nombre\": \"Erling\",\r\n  \"apellido\": \"Ronaldo\",\r\n  \"idCedula\": 1000123456,\r\n  \"foto\": \"https://example.com/erling_actualizado.jpg\",\r\n  \"nivelExperiencia\": \"Experto\",\r\n  \"expediciones\": [\"Nevado del Ruiz 2020\", \"Sierra Nevada 2024\", \"Páramo 2025\"]\r\n}\r\n",
					"options": {
						"raw": {
							"language": "json"
						}
					}
				},
				"url": {
					"raw": "{{baseUrl}}/personasNaturales/{{personaNatural_id_1}}",
					"host": [
						"{{baseUrl}}"
					],
					"path": [
						"personasNaturales",
						"{{personaNatural_id_1}}"
					]
				}
			},
			"response": [
				{
					"name": "Actualizar una persona natural",
					"originalRequest": {
						"method": "PUT",
						"header": [],
						"body": {
							"mode": "raw",
							"raw": "{\r\n  \"nombre\": \"Erling\",\r\n  \"apellido\": \"Ronaldo\",\r\n  \"idCedula\": 1000123456,\r\n  \"foto\": \"https://example.com/erling_actualizado.jpg\",\r\n  \"nivelExperiencia\": \"Experto\",\r\n  \"expediciones\": [\"Nevado del Ruiz 2020\", \"Sierra Nevada 2024\", \"Páramo 2025\"]\r\n}\r\n",
							"options": {
								"raw": {
									"language": "json"
								}
							}
						},
						"url": {
							"raw": "{{baseUrl}}/personasNaturales/{{personaNatural_id_1}}",
							"host": [
								"{{baseUrl}}"
							],
							"path": [
								"personasNaturales",
								"{{personaNatural_id_1}}"
							]
						}
					},
					"code": 200,
					"_postman_previewlanguage": null,
					"header": null,
					"cookie": [],
					"body": "{\r\n  \"id\": 1,\r\n  \"nombre\": \"Erling\",\r\n  \"apellido\": \"Ronaldo\",\r\n  \"idCedula\": 1000123456,\r\n  \"foto\": \"https://example.com/erling_actualizado.jpg\",\r\n  \"nivelExperiencia\": \"Experto\",\r\n  \"expediciones\": [\"Nevado del Ruiz 2020\", \"Sierra Nevada 2024\", \"Páramo 2025\"]\r\n}"
				}
			]
		},
		{
			"name": "Actualizar una persona natural que no existe",
			"request": {
				"method": "PUT",
				"header": [],
				"body": {
					"mode": "raw",
					"raw": "{\r\n  \"nombre\": \"Nombre\",\r\n  \"apellido\": \"Apellido\",\r\n  \"idCedula\": 123,\r\n  \"foto\": \"https://example.com/noexiste.jpg\",\r\n  \"nivelExperiencia\": \"Junior\",\r\n  \"expediciones\": []\r\n}",
					"options": {
						"raw": {
							"language": "json"
						}
					}
				},
				"url": {
					"raw": "{{baseUrl}}/personasNaturales/0",
					"host": [
						"{{baseUrl}}"
					],
					"path": [
						"personasNaturales",
						"0"
					]
				}
			},
			"response": [
				{
					"name": "Actualizar una persona natural que no existe",
					"originalRequest": {
						"method": "PUT",
						"header": [],
						"body": {
							"mode": "raw",
							"raw": "{\r\n  \"nombre\": \"Nombre\",\r\n  \"apellido\": \"Apellido\",\r\n  \"idCedula\": 123,\r\n  \"foto\": \"https://example.com/noexiste.jpg\",\r\n  \"nivelExperiencia\": \"Junior\",\r\n  \"expediciones\": []\r\n}",
							"options": {
								"raw": {
									"language": "json"
								}
							}
						},
						"url": {
							"raw": "{{baseUrl}}/personasNaturales/0",
							"host": [
								"{{baseUrl}}"
							],
							"path": [
								"personasNaturales",
								"0"
							]
						}
					},
					"code": 404,
					"_postman_previewlanguage": null,
					"header": null,
					"cookie": [],
					"body": "{\r\n  \"apierror\": {\r\n    \"status\": \"NOT_FOUND\",\r\n    \"timestamp\": \"21-02-2025 10:04:10\",\r\n    \"message\": \"The persona natural with the given id was not found\"\r\n  }\r\n}"
				}
			]
		},
		{
			"name": "Borrar una persona natural",
			"request": {
				"method": "DELETE",
				"header": [],
				"url": {
					"raw": "{{baseUrl}}/personasNaturales/{{personaNatural_id_1}}",
					"host": [
						"{{baseUrl}}"
					],
					"path": [
						"personasNaturales",
						"{{personaNatural_id_1}}"
					]
				}
			},
			"response": [
				{
					"name": "Borrar una persona natural",
					"originalRequest": {
						"method": "DELETE",
						"header": [],
						"url": {
							"raw": "{{baseUrl}}/personasNaturales/{{personaNatural_id_1}}",
							"host": [
								"{{baseUrl}}"
							],
							"path": [
								"personasNaturales",
								"{{personaNatural_id_1}}"
							]
						}
					},
					"code": 204,
					"_postman_previewlanguage": null,
					"header": null,
					"cookie": [],
					"body": null
				}
			]
		},
		{
			"name": "Borrar una persona natural que no existe",
			"request": {
				"method": "DELETE",
				"header": [],
				"url": {
					"raw": "{{baseUrl}}/personasNaturales/0",
					"host": [
						"{{baseUrl}}"
					],
					"path": [
						"personasNaturales",
						"0"
					]
				}
			},
			"response": [
				{
					"name": "Borrar una persona natural que no existe",
					"originalRequest": {
						"method": "DELETE",
						"header": [],
						"url": {
							"raw": "{{baseUrl}}/personasNaturales/0",
							"host": [
								"{{baseUrl}}"
							],
							"path": [
								"personasNaturales",
								"0"
							]
						}
					},
					"code": 404,
					"_postman_previewlanguage": null,
					"header": null,
					"cookie": [],
					"body": "{\r\n  \"apierror\": {\r\n    \"status\": \"NOT_FOUND\",\r\n    \"timestamp\": \"21-02-2025 10:05:19\",\r\n    \"message\": \"The persona natural with the given id was not found\"\r\n  }\r\n}\r\n"
				}
			]
		},
		{
			"name": "Agregar una expedicion a un persona natural",
			"request": {
				"method": "POST",
				"header": [],
				"url": {
					"raw": "{{baseUrl}}/personasNaturales/{{personaNatural_id}}/expediciones/{{expedicion_id_1}}",
					"host": [
						"{{baseUrl}}"
					],
					"path": [
						"personasNaturales",
						"{{personaNatural_id}}",
						"expediciones",
						"{{expedicion_id_1}}"
					]
				}
			},
			"response": [
				{
					"name": "Agregar una expedicion a un persona natural",
					"originalRequest": {
						"method": "GET",
						"header": []
					},
					"status": "Created",
					"code": 201,
					"_postman_previewlanguage": null,
					"header": null,
					"cookie": [],
					"body": "{\r\n  \"id\": 1,\r\n  \"nombre\": \"Ascenso Nevado del Ruiz\",\r\n  \"fechaInicio\": \"2025-07-12\",\r\n  \"descripcion\": \"Ruta clásica por la arista SE\",\r\n  \"oferente\": {\r\n    \"id\": {{personaNatural_id}},\r\n    \"tipo\": \"PersonaNatural\",\r\n    \"nombre\": \"Erling\",\r\n    \"apellido\": \"Ronaldo\"\r\n  }\r\n}\r\n"
				}
			]
		},
		{
			"name": "Agregar una expedicion a una persona que no existe",
			"request": {
				"method": "POST",
				"header": [],
				"url": {
					"raw": "{{baseUrl}}/personasNaturales/{{personaNatural_id}}/expediciones/0",
					"host": [
						"{{baseUrl}}"
					],
					"path": [
						"personasNaturales",
						"{{personaNatural_id}}",
						"expediciones",
						"0"
					]
				}
			},
			"response": [
				{
					"name": "Agregar una expedicion a una persona que no existe",
					"originalRequest": {
						"method": "GET",
						"header": []
					},
					"status": "Not Found",
					"code": 404,
					"_postman_previewlanguage": null,
					"header": null,
					"cookie": [],
					"body": "{\r\n  \"apierror\": {\r\n    \"status\": \"NOT_FOUND\",\r\n    \"timestamp\": \"21-02-2025 10:15:29\",\r\n    \"message\": \"The expedition with the given id was not found\"\r\n  }\r\n}"
				}
			]
		},
		{
			"name": "Obtener una expedición de una persona natural",
			"request": {
				"method": "GET",
				"header": [],
				"url": {
					"raw": "{{baseUrl}}/personasNaturales/{{personaNatural_id}}/expediciones/{{expedicion_id_1}}",
					"host": [
						"{{baseUrl}}"
					],
					"path": [
						"personasNaturales",
						"{{personaNatural_id}}",
						"expediciones",
						"{{expedicion_id_1}}"
					]
				}
			},
			"response": [
				{
					"name": "Obtener una expedición de una persona natural",
					"originalRequest": {
						"method": "GET",
						"header": []
					},
					"status": "OK",
					"code": 200,
					"_postman_previewlanguage": null,
					"header": null,
					"cookie": [],
					"body": "{\r\n  \"id\": 1,\r\n  \"nombre\": \"Ascenso Nevado del Ruiz\",\r\n  \"fechaInicio\": \"2025-07-12\",\r\n  \"descripcion\": \"Ruta clásica por la arista SE\",\r\n  \"oferente\": {\r\n    \"id\": {{personaNatural_id}},\r\n    \"tipo\": \"PersonaNatural\"\r\n  }\r\n}\r\n"
				}
			]
		},
		{
			"name": "Obtener expedición inexistente de persona natural",
			"request": {
				"method": "GET",
				"header": [],
				"url": {
					"raw": "{{baseUrl}}/personasNaturales/{{personaNatural_id}}/expediciones/0",
					"host": [
						"{{baseUrl}}"
					],
					"path": [
						"personasNaturales",
						"{{personaNatural_id}}",
						"expediciones",
						"0"
					]
				}
			},
			"response": [
				{
					"name": "Obtener expedición inexistente de persona natural",
					"originalRequest": {
						"method": "GET",
						"header": []
					},
					"status": "Not Found",
					"code": 404,
					"_postman_previewlanguage": null,
					"header": null,
					"cookie": [],
					"body": "{\r\n  \"apierror\": {\r\n    \"status\": \"NOT_FOUND\",\r\n    \"timestamp\": \"21-02-2025 10:17:39\",\r\n    \"message\": \"The expedition with the given id was not found\"\r\n  }\r\n}\r\n"
				}
			]
		},
		{
			"name": "Obtener expedición no asociada a persona natural",
			"request": {
				"method": "GET",
				"header": [],
				"url": {
					"raw": "{{baseUrl}}/personasNaturales/{{personaNatural_id}}/expediciones/{{expedicion_id_2}}",
					"host": [
						"{{baseUrl}}"
					],
					"path": [
						"personasNaturales",
						"{{personaNatural_id}}",
						"expediciones",
						"{{expedicion_id_2}}"
					]
				}
			},
			"response": [
				{
					"name": "Obtener expedición no asociada a persona natural",
					"originalRequest": {
						"method": "GET",
						"header": [],
						"url": {
							"raw": "{{baseUrl}}/personasNaturales/{{personaNatural_id}}/expediciones/{{expedicion_id_2}}",
							"host": [
								"{{baseUrl}}"
							],
							"path": [
								"personasNaturales",
								"{{personaNatural_id}}",
								"expediciones",
								"{{expedicion_id_2}}"
							]
						}
					},
					"status": "Precondition Failed",
					"code": 412,
					"_postman_previewlanguage": null,
					"header": null,
					"cookie": [],
					"body": "{\r\n  \"apierror\": {\r\n    \"status\": \"PRECONDITION_FAILED\",\r\n    \"timestamp\": \"21-02-2025 10:19:03\",\r\n    \"message\": \"The expedition is not associated to the persona natural\"\r\n  }\r\n}\r\n"
				}
			]
		},
		{
			"name": "Obtener expediciones de persona natural",
			"request": {
				"method": "GET",
				"header": [],
				"url": {
					"raw": "{{baseUrl}}/personasNaturales/{{personaNatural_id}}/expediciones",
					"host": [
						"{{baseUrl}}"
					],
					"path": [
						"personasNaturales",
						"{{personaNatural_id}}",
						"expediciones"
					]
				}
			},
			"response": [
				{
					"name": "Obtener expediciones de persona natural",
					"originalRequest": {
						"method": "GET",
						"header": [],
						"url": {
							"raw": "{{baseUrl}}/personasNaturales/{{personaNatural_id}}/expediciones",
							"host": [
								"{{baseUrl}}"
							],
							"path": [
								"personasNaturales",
								"{{personaNatural_id}}",
								"expediciones"
							]
						}
					},
					"status": "OK",
					"code": 200,
					"_postman_previewlanguage": null,
					"header": null,
					"cookie": [],
					"body": "[\r\n  {\r\n    \"id\": 1,\r\n    \"nombre\": \"Ascenso Nevado del Ruiz\",\r\n    \"fechaInicio\": \"2025-07-12\",\r\n    \"descripcion\": \"Ruta clásica por la arista SE\"\r\n  },\r\n  {\r\n    \"id\": 2,\r\n    \"nombre\": \"Sierra Nevada de Santa Marta\",\r\n    \"fechaInicio\": \"2025-08-05\",\r\n    \"descripcion\": \"Trekking de altura\"\r\n  }\r\n]\r\n"
				}
			]
		},
		{
			"name": "Asociar (reemplazar) expediciones de persona natural",
			"request": {
				"method": "PUT",
				"header": [],
				"body": {
					"mode": "raw",
					"raw": "[\r\n  {\r\n    \"id\": {{new_id_e1}},\r\n    \"nombre\": \"Páramo de Sumapaz\",\r\n    \"fechaInicio\": \"2025-09-10\",\r\n    \"descripcion\": \"Ruta de alta montaña\"\r\n  },\r\n  {\r\n    \"id\": {{new_id_e2}},\r\n    \"nombre\": \"Cocuy Integral\",\r\n    \"fechaInicio\": \"2025-10-02\",\r\n    \"descripcion\": \"Cruce de morrena\"\r\n  }\r\n]\r\n",
					"options": {
						"raw": {
							"language": "json"
						}
					}
				},
				"url": {
					"raw": "{{baseUrl}}/personasNaturales/{{personaNatural_id}}/expediciones",
					"host": [
						"{{baseUrl}}"
					],
					"path": [
						"personasNaturales",
						"{{personaNatural_id}}",
						"expediciones"
					]
				}
			},
			"response": [
				{
					"name": "Asociar (reemplazar) expediciones de persona natural",
					"originalRequest": {
						"method": "PUT",
						"header": [],
						"body": {
							"mode": "raw",
							"raw": "[\r\n  {\r\n    \"id\": {{new_id_e1}},\r\n    \"nombre\": \"Páramo de Sumapaz\",\r\n    \"fechaInicio\": \"2025-09-10\",\r\n    \"descripcion\": \"Ruta de alta montaña\"\r\n  },\r\n  {\r\n    \"id\": {{new_id_e2}},\r\n    \"nombre\": \"Cocuy Integral\",\r\n    \"fechaInicio\": \"2025-10-02\",\r\n    \"descripcion\": \"Cruce de morrena\"\r\n  }\r\n]\r\n",
							"options": {
								"raw": {
									"language": "json"
								}
							}
						},
						"url": {
							"raw": "{{baseUrl}}/personasNaturales/{{personaNatural_id}}/expediciones",
							"host": [
								"{{baseUrl}}"
							],
							"path": [
								"personasNaturales",
								"{{personaNatural_id}}",
								"expediciones"
							]
						}
					},
					"status": "OK",
					"code": 200,
					"_postman_previewlanguage": null,
					"header": null,
					"cookie": [],
					"body": "[\r\n  {\r\n    \"id\": {{new_id_e1}},\r\n    \"nombre\": \"Páramo de Sumapaz\",\r\n    \"fechaInicio\": \"2025-09-10\",\r\n    \"descripcion\": \"Ruta de alta montaña\"\r\n  },\r\n  {\r\n    \"id\": {{new_id_e2}},\r\n    \"nombre\": \"Cocuy Integral\",\r\n    \"fechaInicio\": \"2025-10-02\",\r\n    \"descripcion\": \"Cruce de morrena\"\r\n  }\r\n]\r\n"
				}
			]
		},
		{
			"name": "Asociar expediciones inexistentes a persona natural",
			"request": {
				"method": "PUT",
				"header": [],
				"body": {
					"mode": "raw",
					"raw": "[\r\n  {\r\n    \"id\": 0,\r\n    \"nombre\": \"Fantasma\",\r\n    \"fechaInicio\": \"2025-11-01\",\r\n    \"descripcion\": \"No existe en BD\"\r\n  }\r\n]\r\n",
					"options": {
						"raw": {
							"language": "json"
						}
					}
				},
				"url": {
					"raw": "{{baseUrl}}/personasNaturales/{{personaNatural_id}}/expediciones",
					"host": [
						"{{baseUrl}}"
					],
					"path": [
						"personasNaturales",
						"{{personaNatural_id}}",
						"expediciones"
					]
				}
			},
			"response": [
				{
					"name": "Asociar expediciones inexistentes a persona natural",
					"originalRequest": {
						"method": "PUT",
						"header": [],
						"body": {
							"mode": "raw",
							"raw": "[\r\n  {\r\n    \"id\": 0,\r\n    \"nombre\": \"Fantasma\",\r\n    \"fechaInicio\": \"2025-11-01\",\r\n    \"descripcion\": \"No existe en BD\"\r\n  }\r\n]\r\n",
							"options": {
								"raw": {
									"language": "json"
								}
							}
						},
						"url": {
							"raw": "{{baseUrl}}/personasNaturales/{{personaNatural_id}}/expediciones",
							"host": [
								"{{baseUrl}}"
							],
							"path": [
								"personasNaturales",
								"{{personaNatural_id}}",
								"expediciones"
							]
						}
					},
					"status": "Not Found",
					"code": 404,
					"_postman_previewlanguage": null,
					"header": null,
					"cookie": [],
					"body": "{\r\n  \"apierror\": {\r\n    \"status\": \"NOT_FOUND\",\r\n    \"timestamp\": \"21-02-2025 10:25:21\",\r\n    \"message\": \"The expedition with the given id was not found\"\r\n  }\r\n}\r\n"
				}
			]
		},
		{
			"name": "Borrar expedición de persona natural",
			"request": {
				"method": "DELETE",
				"header": [],
				"url": {
					"raw": "{{baseUrl}}/personasNaturales/{{personaNatural_id}}/expediciones/{{expedicion_id_2}}",
					"host": [
						"{{baseUrl}}"
					],
					"path": [
						"personasNaturales",
						"{{personaNatural_id}}",
						"expediciones",
						"{{expedicion_id_2}}"
					]
				}
			},
			"response": [
				{
					"name": "Borrar expedición de persona natural",
					"originalRequest": {
						"method": "DELETE",
						"header": [],
						"url": {
							"raw": "{{baseUrl}}/personasNaturales/{{personaNatural_id}}/expediciones/{{expedicion_id_2}}",
							"host": [
								"{{baseUrl}}"
							],
							"path": [
								"personasNaturales",
								"{{personaNatural_id}}",
								"expediciones",
								"{{expedicion_id_2}}"
							]
						}
					},
					"status": "No Content",
					"code": 204,
					"_postman_previewlanguage": null,
					"header": null,
					"cookie": [],
					"body": null
				}
			]
		},
		{
			"name": "Borrar expedición de persona natural inexistente",
			"request": {
				"method": "DELETE",
				"header": [],
				"url": {
					"raw": "{{baseUrl}}/personasNaturales/0/expediciones/{{expedicion_id_2}}",
					"host": [
						"{{baseUrl}}"
					],
					"path": [
						"personasNaturales",
						"0",
						"expediciones",
						"{{expedicion_id_2}}"
					]
				}
			},
			"response": [
				{
					"name": "Borrar expedición de persona natural inexistente",
					"originalRequest": {
						"method": "DELETE",
						"header": [],
						"url": {
							"raw": "{{baseUrl}}/personasNaturales/0/expediciones/{{expedicion_id_2}}",
							"host": [
								"{{baseUrl}}"
							],
							"path": [
								"personasNaturales",
								"0",
								"expediciones",
								"{{expedicion_id_2}}"
							]
						}
					},
					"status": "Not Found",
					"code": 404,
					"_postman_previewlanguage": null,
					"header": null,
					"cookie": [],
					"body": "{\r\n  \"apierror\": {\r\n    \"status\": \"NOT_FOUND\",\r\n    \"timestamp\": \"21-02-2025 10:27:40\",\r\n    \"message\": \"The persona natural with the given id was not found\"\r\n  }\r\n}\r\n"
				}
			]
		},
		{
			"name": "Borrar expedición inexistente de persona natural",
			"request": {
				"method": "DELETE",
				"header": [],
				"url": {
					"raw": "{{baseUrl}}/personasNaturales/{{personaNatural_id}}/expediciones/0",
					"host": [
						"{{baseUrl}}"
					],
					"path": [
						"personasNaturales",
						"{{personaNatural_id}}",
						"expediciones",
						"0"
					]
				}
			},
			"response": [
				{
					"name": "Borrar expedición inexistente de persona natural",
					"originalRequest": {
						"method": "GET",
						"header": []
					},
					"status": "Not Found",
					"code": 404,
					"_postman_previewlanguage": null,
					"header": null,
					"cookie": [],
					"body": "{\r\n  \"apierror\": {\r\n    \"status\": \"NOT_FOUND\",\r\n    \"timestamp\": \"21-02-2025 10:28:12\",\r\n    \"message\": \"The expedition with the given id was not found\"\r\n  }\r\n}\r\n"
				}
			]
		}
	]
}