{
	"info": {
		"_postman_id": "f8c7f2cb-fe40-475a-ab4f-ccb9c4e5d892",
		"name": "Persona_Juridica",
		"schema": "https://schema.getpostman.com/json/collection/v2.1.0/collection.json",
		"_exporter_id": "47314193",
		"_collection_link": "https://juanes111-6425960.postman.co/workspace/Oferente~5923938b-c938-49ee-82d8-e612899715e7/collection/47314193-f8c7f2cb-fe40-475a-ab4f-ccb9c4e5d892?action=share&source=collection_link&creator=47314193"
	},
	"item": [
		{
			"name": "Crear una persona Juridica",
			"request": {
				"method": "POST",
				"header": [],
				"body": {
					"mode": "raw",
					"raw": "{\r\n  \"nombreEmpresa\": \"Andes Trek S.A.S.\",\r\n  \"logo\": \"https://example.com/andes-trek-logo.png\",\r\n  \"nivelExperiencia\": \"Gold\",\r\n  \"expediciones\": [\"Cocuy 2024\", \"Ruta Tayrona 2025\"]\r\n}\r\n",
					"options": {
						"raw": {
							"language": "json"
						}
					}
				},
				"url": {
					"raw": "{{baseUrl}}/personasJuridicas",
					"host": [
						"{{baseUrl}}"
					],
					"path": [
						"personasJuridicas"
					]
				}
			},
			"response": [
				{
					"name": "Crear una persona Juridica",
					"originalRequest": {
						"method": "POST",
						"header": [],
						"body": {
							"mode": "raw",
							"raw": "{\r\n  \"nombreEmpresa\": \"Andes Trek S.A.S.\",\r\n  \"logo\": \"https://example.com/andes-trek-logo.png\",\r\n  \"nivelExperiencia\": \"Gold\",\r\n  \"expediciones\": [\"Cocuy 2024\", \"Ruta Tayrona 2025\"]\r\n}\r\n",
							"options": {
								"raw": {
									"language": "json"
								}
							}
						},
						"url": {
							"raw": "{{baseUrl}}/personasJuridicas",
							"host": [
								"{{baseUrl}}"
							],
							"path": [
								"personasJuridicas"
							]
						}
					},
					"status": "Created",
					"code": 201,
					"_postman_previewlanguage": null,
					"header": null,
					"cookie": [],
					"body": "{\r\n  \"id\": 1,\r\n  \"nombreEmpresa\": \"Andes Trek S.A.S.\",\r\n  \"logo\": \"https://example.com/andes-trek-logo.png\",\r\n  \"nivelExperiencia\": \"Gold\",\r\n  \"expediciones\": [\"Cocuy 2024\", \"Ruta Tayrona 2025\"]\r\n}\r\n"
				}
			]
		},
		{
			"name": "Obtener todas las personas juridicas",
			"request": {
				"method": "GET",
				"header": [],
				"url": {
					"raw": "{{baseUrl}}/personasJuridicas",
					"host": [
						"{{baseUrl}}"
					],
					"path": [
						"personasJuridicas"
					]
				}
			},
			"response": [
				{
					"name": "Obtener todas las personas juridicas",
					"originalRequest": {
						"method": "GET",
						"header": []
					},
					"status": "OK",
					"code": 200,
					"_postman_previewlanguage": null,
					"header": null,
					"cookie": [],
					"body": "[\r\n  {\r\n    \"id\": 1,\r\n    \"nombreEmpresa\": \"Andes Trek S.A.S.\",\r\n    \"logo\": \"https://example.com/andes-trek-logo.png\",\r\n    \"nivelExperiencia\": \"Gold\",\r\n    \"expediciones\": [\"Cocuy 2024\", \"Ruta Tayrona 2025\"]\r\n  }\r\n]\r\n"
				}
			]
		},
		{
			"name": "Obtener una persona juridica",
			"request": {
				"method": "GET",
				"header": [],
				"url": {
					"raw": "{{baseUrl}}/personasJuridicas/{{personaJuridica_id_1}}",
					"host": [
						"{{baseUrl}}"
					],
					"path": [
						"personasJuridicas",
						"{{personaJuridica_id_1}}"
					]
				}
			},
			"response": [
				{
					"name": "Obtener una persona juridica",
					"originalRequest": {
						"method": "GET",
						"header": []
					},
					"status": "OK",
					"code": 200,
					"_postman_previewlanguage": null,
					"header": null,
					"cookie": [],
					"body": "{\r\n  \"id\": 1,\r\n  \"nombreEmpresa\": \"Andes Trek S.A.S.\",\r\n  \"logo\": \"https://example.com/andes-trek-logo.png\",\r\n  \"nivelExperiencia\": \"Gold\",\r\n  \"expediciones\": [\"Cocuy 2024\", \"Ruta Tayrona 2025\"]\r\n}\r\n"
				}
			]
		},
		{
			"name": "Obtener una persona jurídica que no existe",
			"request": {
				"method": "GET",
				"header": [],
				"url": {
					"raw": "{{baseUrl}}/personasJuridicas/0",
					"host": [
						"{{baseUrl}}"
					],
					"path": [
						"personasJuridicas",
						"0"
					]
				}
			},
			"response": [
				{
					"name": "Obtener una persona jurídica que no existe",
					"originalRequest": {
						"method": "GET",
						"header": []
					},
					"status": "Not Found",
					"code": 404,
					"_postman_previewlanguage": null,
					"header": null,
					"cookie": [],
					"body": "{\r\n  \"apierror\": {\r\n    \"status\": \"NOT_FOUND\",\r\n    \"timestamp\": \"21-02-2025 10:01:09\",\r\n    \"message\": \"The persona juridica with the given id was not found\"\r\n  }\r\n}\r\n"
				}
			]
		},
		{
			"name": "Editar una persona jurídica",
			"request": {
				"method": "PUT",
				"header": [],
				"body": {
					"mode": "raw",
					"raw": "{\r\n  \"nombreEmpresa\": \"Andes Trek S.A.S.\",\r\n  \"logo\": \"https://example.com/andes-trek-logo-new.png\",\r\n  \"nivelExperiencia\": \"Platinum\",\r\n  \"expediciones\": [\"Cocuy 2024\", \"Ruta Tayrona 2025\", \"Sumapaz 2026\"]\r\n}\r\n",
					"options": {
						"raw": {
							"language": "json"
						}
					}
				},
				"url": {
					"raw": "{{baseUrl}}/personasJuridicas/{{personaJuridica_id_1}}",
					"host": [
						"{{baseUrl}}"
					],
					"path": [
						"personasJuridicas",
						"{{personaJuridica_id_1}}"
					]
				}
			},
			"response": [
				{
					"name": "Editar una persona jurídica",
					"originalRequest": {
						"method": "PUT",
						"header": [],
						"body": {
							"mode": "raw",
							"raw": "{\r\n  \"nombreEmpresa\": \"Andes Trek S.A.S.\",\r\n  \"logo\": \"https://example.com/andes-trek-logo-new.png\",\r\n  \"nivelExperiencia\": \"Platinum\",\r\n  \"expediciones\": [\"Cocuy 2024\", \"Ruta Tayrona 2025\", \"Sumapaz 2026\"]\r\n}\r\n",
							"options": {
								"raw": {
									"language": "json"
								}
							}
						},
						"url": {
							"raw": "{{baseUrl}}/personasJuridicas/{{personaJuridica_id_1}}",
							"host": [
								"{{baseUrl}}"
							],
							"path": [
								"personasJuridicas",
								"{{personaJuridica_id_1}}"
							]
						}
					},
					"status": "OK",
					"code": 200,
					"_postman_previewlanguage": null,
					"header": null,
					"cookie": [],
					"body": "{\r\n  \"id\": 1,\r\n  \"nombreEmpresa\": \"Andes Trek S.A.S.\",\r\n  \"logo\": \"https://example.com/andes-trek-logo-new.png\",\r\n  \"nivelExperiencia\": \"Platinum\",\r\n  \"expediciones\": [\"Cocuy 2024\", \"Ruta Tayrona 2025\", \"Sumapaz 2026\"]\r\n}\r\n"
				}
			]
		},
		{
			"name": "Editar una persona jurídica que no existe",
			"request": {
				"method": "PUT",
				"header": [],
				"body": {
					"mode": "raw",
					"raw": "{\r\n  \"nombreEmpresa\": \"Empresa Fantasma S.A.S.\",\r\n  \"logo\": \"https://example.com/ghost.png\",\r\n  \"nivelExperiencia\": \"Bronze\",\r\n  \"expediciones\": []\r\n}\r\n",
					"options": {
						"raw": {
							"language": "json"
						}
					}
				},
				"url": {
					"raw": "{{baseUrl}}/personasJuridicas/0",
					"host": [
						"{{baseUrl}}"
					],
					"path": [
						"personasJuridicas",
						"0"
					]
				}
			},
			"response": [
				{
					"name": "Editar una persona jurídica que no existe",
					"originalRequest": {
						"method": "PUT",
						"header": [],
						"body": {
							"mode": "raw",
							"raw": "{\r\n  \"nombreEmpresa\": \"Empresa Fantasma S.A.S.\",\r\n  \"logo\": \"https://example.com/ghost.png\",\r\n  \"nivelExperiencia\": \"Bronze\",\r\n  \"expediciones\": []\r\n}\r\n",
							"options": {
								"raw": {
									"language": "json"
								}
							}
						},
						"url": {
							"raw": "{{baseUrl}}/personasJuridicas/0",
							"host": [
								"{{baseUrl}}"
							],
							"path": [
								"personasJuridicas",
								"0"
							]
						}
					},
					"status": "Not Found",
					"code": 404,
					"_postman_previewlanguage": null,
					"header": null,
					"cookie": [],
					"body": "{\r\n  \"apierror\": {\r\n    \"status\": \"NOT_FOUND\",\r\n    \"timestamp\": \"21-02-2025 10:04:10\",\r\n    \"message\": \"The persona juridica with the given id was not found\"\r\n  }\r\n}\r\n"
				}
			]
		},
		{
			"name": "Borrar una persona jurídica",
			"request": {
				"method": "DELETE",
				"header": [],
				"url": {
					"raw": "{{baseUrl}}/personasJuridicas/{{personaJuridica_id_1}}",
					"host": [
						"{{baseUrl}}"
					],
					"path": [
						"personasJuridicas",
						"{{personaJuridica_id_1}}"
					]
				}
			},
			"response": [
				{
					"name": "Borrar una persona jurídica",
					"originalRequest": {
						"method": "DELETE",
						"header": [],
						"url": {
							"raw": "{{baseUrl}}/personasJuridicas/{{personaJuridica_id_1}}",
							"host": [
								"{{baseUrl}}"
							],
							"path": [
								"personasJuridicas",
								"{{personaJuridica_id_1}}"
							]
						}
					},
					"status": "No Content",
					"code": 204,
					"_postman_previewlanguage": null,
					"header": null,
					"cookie": [],
					"body": null
				}
			]
		},
		{
			"name": "Borrar una persona jurídica que no existe",
			"request": {
				"method": "DELETE",
				"header": [],
				"url": {
					"raw": "{{baseUrl}}/personasJuridicas/0",
					"host": [
						"{{baseUrl}}"
					],
					"path": [
						"personasJuridicas",
						"0"
					]
				}
			},
			"response": [
				{
					"name": "Borrar una persona jurídica que no existe",
					"originalRequest": {
						"method": "DELETE",
						"header": [],
						"url": {
							"raw": "{{baseUrl}}/personasJuridicas/0",
							"host": [
								"{{baseUrl}}"
							],
							"path": [
								"personasJuridicas",
								"0"
							]
						}
					},
					"status": "Not Found",
					"code": 404,
					"_postman_previewlanguage": null,
					"header": null,
					"cookie": [],
					"body": "{\r\n  \"apierror\": {\r\n    \"status\": \"NOT_FOUND\",\r\n    \"timestamp\": \"21-02-2025 10:05:19\",\r\n    \"message\": \"The persona juridica with the given id was not found\"\r\n  }\r\n}\r\n"
				}
			]
		},
		{
			"name": "Agregar expedición a persona jurídica",
			"request": {
				"method": "POST",
				"header": [],
				"url": {
					"raw": "{{baseUrl}}/personasJuridicas/{{personaJuridica_id}}/expediciones/{{expedicion_id_1}}",
					"host": [
						"{{baseUrl}}"
					],
					"path": [
						"personasJuridicas",
						"{{personaJuridica_id}}",
						"expediciones",
						"{{expedicion_id_1}}"
					]
				}
			},
			"response": [
				{
					"name": "Agregar expedición a persona jurídica",
					"originalRequest": {
						"method": "GET",
						"header": []
					},
					"status": "Created",
					"code": 201,
					"_postman_previewlanguage": null,
					"header": null,
					"cookie": [],
					"body": "{\r\n  \"id\": 1,\r\n  \"nombre\": \"Ascenso Nevado del Ruiz\",\r\n  \"fechaInicio\": \"2025-07-12\",\r\n  \"descripcion\": \"Ruta clásica por la arista SE\",\r\n  \"oferente\": {\r\n    \"id\": {{personaJuridica_id}},\r\n    \"tipo\": \"PersonaJuridica\",\r\n    \"nombreEmpresa\": \"Andes Trek S.A.S.\"\r\n  }\r\n}\r\n"
				}
			]
		},
		{
			"name": "Agregar expedición inexistente a persona jurídica",
			"request": {
				"method": "POST",
				"header": [],
				"url": {
					"raw": "{{baseUrl}}/personasJuridicas/{{personaJuridica_id}}/expediciones/0",
					"host": [
						"{{baseUrl}}"
					],
					"path": [
						"personasJuridicas",
						"{{personaJuridica_id}}",
						"expediciones",
						"0"
					]
				}
			},
			"response": [
				{
					"name": "Agregar expedición inexistente a persona jurídica",
					"originalRequest": {
						"method": "GET",
						"header": []
					},
					"status": "Not Found",
					"code": 404,
					"_postman_previewlanguage": null,
					"header": null,
					"cookie": [],
					"body": "{\r\n  \"apierror\": {\r\n    \"status\": \"NOT_FOUND\",\r\n    \"timestamp\": \"21-02-2025 10:15:29\",\r\n    \"message\": \"The expedition with the given id was not found\"\r\n  }\r\n}\r\n"
				}
			]
		},
		{
			"name": "Obtener expedición de persona jurídica",
			"request": {
				"method": "GET",
				"header": [],
				"url": {
					"raw": "{{baseUrl}}/personasJuridicas/{{personaJuridica_id}}/expediciones/{{expedicion_id_1}}",
					"host": [
						"{{baseUrl}}"
					],
					"path": [
						"personasJuridicas",
						"{{personaJuridica_id}}",
						"expediciones",
						"{{expedicion_id_1}}"
					]
				}
			},
			"response": [
				{
					"name": "Obtener expedición de persona jurídica",
					"originalRequest": {
						"method": "GET",
						"header": []
					},
					"status": "OK",
					"code": 200,
					"_postman_previewlanguage": null,
					"header": null,
					"cookie": [],
					"body": "{\r\n  \"id\": 1,\r\n  \"nombre\": \"Ascenso Nevado del Ruiz\",\r\n  \"fechaInicio\": \"2025-07-12\",\r\n  \"descripcion\": \"Ruta clásica por la arista SE\",\r\n  \"oferente\": { \"id\": {{personaJuridica_id}}, \"tipo\": \"PersonaJuridica\" }\r\n}\r\n"
				}
			]
		},
		{
			"name": "Obtener expedición inexistente de persona jurídica",
			"request": {
				"method": "GET",
				"header": [],
				"url": {
					"raw": "{{baseUrl}}/personasJuridicas/{{personaJuridica_id}}/expediciones/0",
					"host": [
						"{{baseUrl}}"
					],
					"path": [
						"personasJuridicas",
						"{{personaJuridica_id}}",
						"expediciones",
						"0"
					]
				}
			},
			"response": [
				{
					"name": "Obtener expedición inexistente de persona jurídica",
					"originalRequest": {
						"method": "GET",
						"header": [],
						"url": {
							"raw": "{{baseUrl}}/personasJuridicas/{{personaJuridica_id}}/expediciones/0",
							"host": [
								"{{baseUrl}}"
							],
							"path": [
								"personasJuridicas",
								"{{personaJuridica_id}}",
								"expediciones",
								"0"
							]
						}
					},
					"status": "Not Found",
					"code": 404,
					"_postman_previewlanguage": null,
					"header": null,
					"cookie": [],
					"body": "{\r\n  \"apierror\": {\r\n    \"status\": \"NOT_FOUND\",\r\n    \"timestamp\": \"21-02-2025 10:17:39\",\r\n    \"message\": \"The expedition with the given id was not found\"\r\n  }\r\n}\r\n"
				}
			]
		},
		{
			"name": "Obtener expedición no asociada a persona jurídica",
			"request": {
				"method": "GET",
				"header": [],
				"url": {
					"raw": "{{baseUrl}}/personasJuridicas/{{personaJuridica_id}}/expediciones/{{expedicion_id_2}}",
					"host": [
						"{{baseUrl}}"
					],
					"path": [
						"personasJuridicas",
						"{{personaJuridica_id}}",
						"expediciones",
						"{{expedicion_id_2}}"
					]
				}
			},
			"response": [
				{
					"name": "Obtener expedición no asociada a persona jurídica",
					"originalRequest": {
						"method": "GET",
						"header": []
					},
					"status": "Precondition Failed",
					"code": 412,
					"_postman_previewlanguage": null,
					"header": null,
					"cookie": [],
					"body": "{\r\n  \"apierror\": {\r\n    \"status\": \"PRECONDITION_FAILED\",\r\n    \"timestamp\": \"21-02-2025 10:19:03\",\r\n    \"message\": \"The expedition is not associated to the persona juridica\"\r\n  }\r\n}\r\n"
				}
			]
		},
		{
			"name": "Obtener expediciones de persona jurídica",
			"request": {
				"method": "GET",
				"header": [],
				"url": {
					"raw": "{{baseUrl}}/personasJuridicas/{{personaJuridica_id}}/expediciones",
					"host": [
						"{{baseUrl}}"
					],
					"path": [
						"personasJuridicas",
						"{{personaJuridica_id}}",
						"expediciones"
					]
				}
			},
			"response": [
				{
					"name": "Obtener expediciones de persona jurídica",
					"originalRequest": {
						"method": "GET",
						"header": [],
						"url": {
							"raw": "{{baseUrl}}/personasJuridicas/{{personaJuridica_id}}/expediciones",
							"host": [
								"{{baseUrl}}"
							],
							"path": [
								"personasJuridicas",
								"{{personaJuridica_id}}",
								"expediciones"
							]
						}
					},
					"status": "OK",
					"code": 200,
					"_postman_previewlanguage": null,
					"header": null,
					"cookie": [],
					"body": "[\r\n  {\r\n    \"id\": 1,\r\n    \"nombre\": \"Ascenso Nevado del Ruiz\",\r\n    \"fechaInicio\": \"2025-07-12\",\r\n    \"descripcion\": \"Ruta clásica por la arista SE\"\r\n  },\r\n  {\r\n    \"id\": 2,\r\n    \"nombre\": \"Sierra Nevada de Santa Marta\",\r\n    \"fechaInicio\": \"2025-08-05\",\r\n    \"descripcion\": \"Trekking de altura\"\r\n  }\r\n]\r\n"
				}
			]
		},
		{
			"name": "Asociar expediciones de persona jurídica",
			"request": {
				"method": "PUT",
				"header": [],
				"body": {
					"mode": "raw",
					"raw": "[\r\n  {\r\n    \"id\": {{new_id_e1}},\r\n    \"nombre\": \"Páramo de Sumapaz\",\r\n    \"fechaInicio\": \"2025-09-10\",\r\n    \"descripcion\": \"Ruta de alta montaña\"\r\n  },\r\n  {\r\n    \"id\": {{new_id_e2}},\r\n    \"nombre\": \"Cocuy Integral\",\r\n    \"fechaInicio\": \"2025-10-02\",\r\n    \"descripcion\": \"Cruce de morrena\"\r\n  }\r\n]\r\n",
					"options": {
						"raw": {
							"language": "json"
						}
					}
				},
				"url": {
					"raw": "{{baseUrl}}/personasJuridicas/{{personaJuridica_id}}/expediciones",
					"host": [
						"{{baseUrl}}"
					],
					"path": [
						"personasJuridicas",
						"{{personaJuridica_id}}",
						"expediciones"
					]
				}
			},
			"response": [
				{
					"name": "Asociar expediciones de persona jurídica",
					"originalRequest": {
						"method": "PUT",
						"header": [],
						"body": {
							"mode": "raw",
							"raw": "[\r\n  {\r\n    \"id\": {{new_id_e1}},\r\n    \"nombre\": \"Páramo de Sumapaz\",\r\n    \"fechaInicio\": \"2025-09-10\",\r\n    \"descripcion\": \"Ruta de alta montaña\"\r\n  },\r\n  {\r\n    \"id\": {{new_id_e2}},\r\n    \"nombre\": \"Cocuy Integral\",\r\n    \"fechaInicio\": \"2025-10-02\",\r\n    \"descripcion\": \"Cruce de morrena\"\r\n  }\r\n]\r\n",
							"options": {
								"raw": {
									"language": "json"
								}
							}
						},
						"url": {
							"raw": "{{baseUrl}}/personasJuridicas/{{personaJuridica_id}}/expediciones",
							"host": [
								"{{baseUrl}}"
							],
							"path": [
								"personasJuridicas",
								"{{personaJuridica_id}}",
								"expediciones"
							]
						}
					},
					"status": "OK",
					"code": 200,
					"_postman_previewlanguage": null,
					"header": null,
					"cookie": [],
					"body": "[\r\n  {\r\n    \"id\": {{new_id_e1}},\r\n    \"nombre\": \"Páramo de Sumapaz\",\r\n    \"fechaInicio\": \"2025-09-10\",\r\n    \"descripcion\": \"Ruta de alta montaña\"\r\n  },\r\n  {\r\n    \"id\": {{new_id_e2}},\r\n    \"nombre\": \"Cocuy Integral\",\r\n    \"fechaInicio\": \"2025-10-02\",\r\n    \"descripcion\": \"Cruce de morrena\"\r\n  }\r\n]\r\n"
				}
			]
		},
		{
			"name": "Asociar expediciones inexistentes a persona jurídica",
			"request": {
				"method": "PUT",
				"header": [],
				"body": {
					"mode": "raw",
					"raw": "[\r\n  {\r\n    \"id\": 0,\r\n    \"nombre\": \"Fantasma\",\r\n    \"fechaInicio\": \"2025-11-01\",\r\n    \"descripcion\": \"No existe en BD\"\r\n  }\r\n]\r\n",
					"options": {
						"raw": {
							"language": "json"
						}
					}
				},
				"url": {
					"raw": "{{baseUrl}}/personasJuridicas/{{personaJuridica_id}}/expediciones",
					"host": [
						"{{baseUrl}}"
					],
					"path": [
						"personasJuridicas",
						"{{personaJuridica_id}}",
						"expediciones"
					]
				}
			},
			"response": [
				{
					"name": "Asociar expediciones inexistentes a persona jurídica",
					"originalRequest": {
						"method": "PUT",
						"header": [],
						"body": {
							"mode": "raw",
							"raw": "[\r\n  {\r\n    \"id\": 0,\r\n    \"nombre\": \"Fantasma\",\r\n    \"fechaInicio\": \"2025-11-01\",\r\n    \"descripcion\": \"No existe en BD\"\r\n  }\r\n]\r\n",
							"options": {
								"raw": {
									"language": "json"
								}
							}
						},
						"url": {
							"raw": "{{baseUrl}}/personasJuridicas/{{personaJuridica_id}}/expediciones",
							"host": [
								"{{baseUrl}}"
							],
							"path": [
								"personasJuridicas",
								"{{personaJuridica_id}}",
								"expediciones"
							]
						}
					},
					"status": "Not Found",
					"code": 404,
					"_postman_previewlanguage": null,
					"header": null,
					"cookie": [],
					"body": "{\r\n  \"apierror\": {\r\n    \"status\": \"NOT_FOUND\",\r\n    \"timestamp\": \"21-02-2025 10:25:21\",\r\n    \"message\": \"The expedition with the given id was not found\"\r\n  }\r\n}\r\n"
				}
			]
		},
		{
			"name": "Borrar una expedicion",
			"request": {
				"method": "DELETE",
				"header": [],
				"url": {
					"raw": "{{baseUrl}}/personasJuridicas/{{personaJuridica_id}}/expediciones/{{expedicion_id_2}}",
					"host": [
						"{{baseUrl}}"
					],
					"path": [
						"personasJuridicas",
						"{{personaJuridica_id}}",
						"expediciones",
						"{{expedicion_id_2}}"
					]
				}
			},
			"response": [
				{
					"name": "Borrar una expedicion",
					"originalRequest": {
						"method": "DELETE",
						"header": [],
						"url": {
							"raw": "{{baseUrl}}/personasJuridicas/{{personaJuridica_id}}/expediciones/{{expedicion_id_2}}",
							"host": [
								"{{baseUrl}}"
							],
							"path": [
								"personasJuridicas",
								"{{personaJuridica_id}}",
								"expediciones",
								"{{expedicion_id_2}}"
							]
						}
					},
					"status": "No Content",
					"code": 204,
					"_postman_previewlanguage": null,
					"header": null,
					"cookie": [],
					"body": null
				}
			]
		},
		{
			"name": "Borrar expedición de persona jurídica inexistente",
			"request": {
				"method": "DELETE",
				"header": [],
				"url": {
					"raw": "{{baseUrl}}/personasJuridicas/0/expediciones/{{expedicion_id_2}}",
					"host": [
						"{{baseUrl}}"
					],
					"path": [
						"personasJuridicas",
						"0",
						"expediciones",
						"{{expedicion_id_2}}"
					]
				}
			},
			"response": [
				{
					"name": "Borrar expedición de persona jurídica inexistente",
					"originalRequest": {
						"method": "DELETE",
						"header": [],
						"url": {
							"raw": "{{baseUrl}}/personasJuridicas/0/expediciones/{{expedicion_id_2}}",
							"host": [
								"{{baseUrl}}"
							],
							"path": [
								"personasJuridicas",
								"0",
								"expediciones",
								"{{expedicion_id_2}}"
							]
						}
					},
					"status": "Not Found",
					"code": 404,
					"_postman_previewlanguage": null,
					"header": null,
					"cookie": [],
					"body": "{\r\n  \"apierror\": {\r\n    \"status\": \"NOT_FOUND\",\r\n    \"timestamp\": \"21-02-2025 10:27:40\",\r\n    \"message\": \"The persona juridica with the given id was not found\"\r\n  }\r\n}\r\n"
				}
			]
		},
		{
			"name": "Borrar expedición inexistente de persona jurídica",
			"request": {
				"method": "DELETE",
				"header": [],
				"url": {
					"raw": "{{baseUrl}}/personasJuridicas/{{personaJuridica_id}}/expediciones/0",
					"host": [
						"{{baseUrl}}"
					],
					"path": [
						"personasJuridicas",
						"{{personaJuridica_id}}",
						"expediciones",
						"0"
					]
				}
			},
			"response": [
				{
					"name": "Borrar expedición inexistente de persona jurídica",
					"originalRequest": {
						"method": "DELETE",
						"header": [],
						"url": {
							"raw": "{{baseUrl}}/personasJuridicas/{{personaJuridica_id}}/expediciones/0",
							"host": [
								"{{baseUrl}}"
							],
							"path": [
								"personasJuridicas",
								"{{personaJuridica_id}}",
								"expediciones",
								"0"
							]
						}
					},
					"status": "Not Found",
					"code": 404,
					"_postman_previewlanguage": null,
					"header": null,
					"cookie": [],
					"body": "{\r\n  \"apierror\": {\r\n    \"status\": \"NOT_FOUND\",\r\n    \"timestamp\": \"21-02-2025 10:28:12\",\r\n    \"message\": \"The expedition with the given id was not found\"\r\n  }\r\n}\r\n"
				}
			]
		}
	]
}